Motif	Domain	Interaction Domain Description	Interaction Domain Name
3DID_14-3-3_LIG_0-0	PF00244	14-3-3	14-3-3
3DID_14-3-3_LIG_0-1	PF00244	14-3-3	14-3-3
3DID_14-3-3_LIG_0-16	PF00244	14-3-3	14-3-3
3DID_14-3-3_LIG_0-18	PF00244	14-3-3	14-3-3
3DID_14-3-3_LIG_0-19	PF00244	14-3-3	14-3-3
3DID_14-3-3_LIG_0-2	PF00244	14-3-3	14-3-3
3DID_14-3-3_LIG_0-21	PF00244	14-3-3	14-3-3
3DID_14-3-3_LIG_0-29	PF00244	14-3-3	14-3-3
3DID_14-3-3_LIG_0-35	PF00244	14-3-3	14-3-3
3DID_14-3-3_LIG_0-4	PF00244	14-3-3	14-3-3
3DID_14-3-3_LIG_0-5	PF00244	14-3-3	14-3-3
3DID_14-3-3_LIG_0-59	PF00244	14-3-3	14-3-3
3DID_14-3-3_LIG_0-8	PF00244	14-3-3	14-3-3
3DID_14-3-3_LIG_0-88	PF00244	14-3-3	14-3-3
3DID_14-3-3_LIG_0-9	PF00244	14-3-3	14-3-3
3DID_14-3-3_LIG_0-93	PF00244	14-3-3	14-3-3
3DID_14-3-3_LIG_1-0	PF00244	14-3-3	14-3-3
3DID_14-3-3_LIG_10-0	PF00244	14-3-3	14-3-3
3DID_14-3-3_LIG_10-1	PF00244	14-3-3	14-3-3
3DID_14-3-3_LIG_10-7	PF00244	14-3-3	14-3-3
3DID_14-3-3_LIG_11-0	PF00244	14-3-3	14-3-3
3DID_14-3-3_LIG_11-1	PF00244	14-3-3	14-3-3
3DID_14-3-3_LIG_11-22	PF00244	14-3-3	14-3-3
3DID_14-3-3_LIG_11-24	PF00244	14-3-3	14-3-3
3DID_14-3-3_LIG_11-3	PF00244	14-3-3	14-3-3
3DID_14-3-3_LIG_11-38	PF00244	14-3-3	14-3-3
3DID_14-3-3_LIG_11-41	PF00244	14-3-3	14-3-3
3DID_14-3-3_LIG_11-7	PF00244	14-3-3	14-3-3
3DID_14-3-3_LIG_11-9	PF00244	14-3-3	14-3-3
3DID_14-3-3_LIG_4-0	PF00244	14-3-3	14-3-3
3DID_14-3-3_LIG_4-11	PF00244	14-3-3	14-3-3
3DID_14-3-3_LIG_4-13	PF00244	14-3-3	14-3-3
3DID_14-3-3_LIG_4-3	PF00244	14-3-3	14-3-3
3DID_14-3-3_LIG_4-5	PF00244	14-3-3	14-3-3
3DID_14-3-3_LIG_4-8	PF00244	14-3-3	14-3-3
3DID_14-3-3_LIG_4-9	PF00244	14-3-3	14-3-3
3DID_14-3-3_LIG_5-0	PF00244	14-3-3	14-3-3
3DID_14-3-3_LIG_5-15	PF00244	14-3-3	14-3-3
3DID_14-3-3_LIG_5-4	PF00244	14-3-3	14-3-3
3DID_14-3-3_LIG_7-0	PF00244	14-3-3	14-3-3
3DID_14-3-3_LIG_7-2	PF00244	14-3-3	14-3-3
3DID_14-3-3_LIG_7-3	PF00244	14-3-3	14-3-3
3DID_14-3-3_LIG_7-5	PF00244	14-3-3	14-3-3
3DID_14-3-3_LIG_8-0	PF00244	14-3-3	14-3-3
3DID_14-3-3_LIG_8-1	PF00244	14-3-3	14-3-3
3DID_14-3-3_LIG_8-2	PF00244	14-3-3	14-3-3
3DID_14-3-3_LIG_8-20	PF00244	14-3-3	14-3-3
3DID_14-3-3_LIG_8-21	PF00244	14-3-3	14-3-3
3DID_14-3-3_LIG_8-29	PF00244	14-3-3	14-3-3
3DID_14-3-3_LIG_8-31	PF00244	14-3-3	14-3-3
3DID_14-3-3_LIG_8-5	PF00244	14-3-3	14-3-3
3DID_14-3-3_LIG_8-6	PF00244	14-3-3	14-3-3
3DID_14-3-3_LIG_8-8	PF00244	14-3-3	14-3-3
3DID_14-3-3_LIG_8-9	PF00244	14-3-3	14-3-3
3DID_2-Hacid_dh_LIG_0-0	PF00389	2-Hacid_dh	2-Hacid_dh
3DID_2-Hacid_dh_LIG_0-17	PF00389	2-Hacid_dh	2-Hacid_dh
3DID_2-Hacid_dh_LIG_0-5	PF00389	2-Hacid_dh	2-Hacid_dh
3DID_2-Hacid_dh_LIG_0-6	PF00389	2-Hacid_dh	2-Hacid_dh
3DID_7tm_1_LIG_13-0	PF00001	7tm_1	7tm_1
3DID_7tm_1_LIG_13-1	PF00001	7tm_1	7tm_1
3DID_7tm_1_LIG_13-2	PF00001	7tm_1	7tm_1
3DID_7tm_1_LIG_16-0	PF00001	7tm_1	7tm_1
3DID_7tm_1_LIG_20-0	PF00001	7tm_1	7tm_1
3DID_7tm_1_LIG_20-1	PF00001	7tm_1	7tm_1
3DID_7tm_1_LIG_3-0	PF00001	7tm_1	7tm_1
3DID_7tm_1_LIG_7-0	PF00001	7tm_1	7tm_1
3DID_7tm_1_LIG_7-1	PF00001	7tm_1	7tm_1
3DID_7tm_1_LIG_9-0	PF00001	7tm_1	7tm_1
3DID_7tm_2_LIG_2-0	PF00002	7tm_2	7tm_2
3DID_7tm_2_LIG_6-0	PF00002	7tm_2	7tm_2
3DID_AAA_2_LIG_3-0	PF07724	AAA_2	AAA_2
3DID_AAA_LIG_0-0	PF00004	AAA	AAA
3DID_AAA_LIG_0-1	PF00004	AAA	AAA
3DID_AAA_LIG_0-9	PF00004	AAA	AAA
3DID_AAA_LIG_1-0	PF00004	AAA	AAA
3DID_AAA_LIG_1-1	PF00004	AAA	AAA
3DID_AAA_LIG_1-2	PF00004	AAA	AAA
3DID_AAA_LIG_1-3	PF00004	AAA	AAA
3DID_AAA_LIG_1-4	PF00004	AAA	AAA
3DID_AAA_LIG_1-7	PF00004	AAA	AAA
3DID_AAA_LIG_2-0	PF00004	AAA	AAA
3DID_AAA_LIG_2-1	PF00004	AAA	AAA
3DID_AAA_lid_3_LIG_2-0	PF17862	AAA_lid_3	AAA_lid_3
3DID_AAA_lid_3_LIG_2-1	PF17862	AAA_lid_3	AAA_lid_3
3DID_AAA_lid_3_LIG_2-2	PF17862	AAA_lid_3	AAA_lid_3
3DID_ABC_membrane_LIG_4-0	PF00664	ABC_membrane	ABC_membrane
3DID_ACR_tran_LIG_0-0	PF00873	ACR_tran	ACR_tran
3DID_ACR_tran_LIG_2-0	PF00873	ACR_tran	ACR_tran
3DID_AChE_tetra_LIG_0-0	PF08674	AChE_tetra	AChE_tetra
3DID_ANAPC10_LIG_0-0	PF03256	ANAPC10	ANAPC10
3DID_ANAPC10_LIG_0-1	PF03256	ANAPC10	ANAPC10
3DID_ANAPC3_LIG_0-0	PF12895	ANAPC3	ANAPC3
3DID_ASF1_hist_chap_LIG_0-0	PF04729	ASF1_hist_chap	ASF1_hist_chap
3DID_ASF1_hist_chap_LIG_4-0	PF04729	ASF1_hist_chap	ASF1_hist_chap
3DID_ASF1_hist_chap_LIG_7-0	PF04729	ASF1_hist_chap	ASF1_hist_chap
3DID_ASF1_hist_chap_LIG_7-1	PF04729	ASF1_hist_chap	ASF1_hist_chap
3DID_ATG11_LIG_0-0	PF10377	ATG11	ATG11
3DID_ATG11_LIG_0-1	PF10377	ATG11	ATG11
3DID_ATG11_LIG_0-3	PF10377	ATG11	ATG11
3DID_ATG5_UblA_LIG_0-0	PF20638	ATG5_UblA	ATG5_UblA
3DID_ATG5_UblA_LIG_1-3	PF20638	ATG5_UblA	ATG5_UblA
3DID_ATG5_UblA_LIG_2-0	PF20638	ATG5_UblA	ATG5_UblA
3DID_ATG5_UblB_LIG_0-0	PF04106	ATG5_UblB	ATG5_UblB
3DID_ATG8_LIG_2-0	PF02991	ATG8	ATG8
3DID_ATG8_LIG_2-11	PF02991	ATG8	ATG8
3DID_ATG8_LIG_2-2	PF02991	ATG8	ATG8
3DID_ATG8_LIG_6-0	PF02991	ATG8	ATG8
3DID_ATG8_LIG_6-10	PF02991	ATG8	ATG8
3DID_ATG8_LIG_6-17	PF02991	ATG8	ATG8
3DID_ATG8_LIG_6-2	PF02991	ATG8	ATG8
3DID_ATG8_LIG_6-22	PF02991	ATG8	ATG8
3DID_ATG8_LIG_6-23	PF02991	ATG8	ATG8
3DID_ATG8_LIG_6-8	PF02991	ATG8	ATG8
3DID_ATP-synt_E_LIG_0-0	PF05680	ATP-synt_E	ATP-synt_E
3DID_ATP-synt_E_LIG_0-2	PF05680	ATP-synt_E	ATP-synt_E
3DID_ATP-synt_E_LIG_0-3	PF05680	ATP-synt_E	ATP-synt_E
3DID_ATP-synt_F6_LIG_0-0	PF05511	ATP-synt_F6	ATP-synt_F6
3DID_ATP-synt_LIG_0-0	PF00231	ATP-synt	ATP-synt
3DID_ATP-synt_LIG_0-67	PF00231	ATP-synt	ATP-synt
3DID_ATP-synt_LIG_0-7	PF00231	ATP-synt	ATP-synt
3DID_ATP-synt_LIG_2-0	PF00231	ATP-synt	ATP-synt
3DID_ATP-synt_LIG_2-3	PF00231	ATP-synt	ATP-synt
3DID_ATP-synt_VA_C_LIG_4-0	PF22919	ATP-synt_VA_C	ATP-synt_VA_C
3DID_ATP-synt_VA_C_LIG_4-1	PF22919	ATP-synt_VA_C	ATP-synt_VA_C
3DID_ATP-synt_VA_C_LIG_4-2	PF22919	ATP-synt_VA_C	ATP-synt_VA_C
3DID_Acetyltransf_1_LIG_3-0	PF00583	Acetyltransf_1	Acetyltransf_1
3DID_Acetyltransf_1_LIG_3-3	PF00583	Acetyltransf_1	Acetyltransf_1
3DID_Acetyltransf_1_LIG_4-0	PF00583	Acetyltransf_1	Acetyltransf_1
3DID_Actin_LIG_1-0	PF00022	Actin	Actin
3DID_Actin_LIG_1-1	PF00022	Actin	Actin
3DID_Actin_LIG_26-0	PF00022	Actin	Actin
3DID_Actin_LIG_26-1	PF00022	Actin	Actin
3DID_Actin_LIG_27-0	PF00022	Actin	Actin
3DID_Actin_LIG_27-4	PF00022	Actin	Actin
3DID_Actin_LIG_27-7	PF00022	Actin	Actin
3DID_Actin_LIG_4-1	PF00022	Actin	Actin
3DID_Actin_LIG_4-15	PF00022	Actin	Actin
3DID_Actin_LIG_4-3	PF00022	Actin	Actin
3DID_Actin_LIG_4-4	PF00022	Actin	Actin
3DID_Actin_LIG_4-6	PF00022	Actin	Actin
3DID_Actin_LIG_4-7	PF00022	Actin	Actin
3DID_Actin_LIG_9-0	PF00022	Actin	Actin
3DID_Adap_comp_sub_LIG_0-0	PF00928	Adap_comp_sub	Adap_comp_sub
3DID_Adap_comp_sub_LIG_0-1	PF00928	Adap_comp_sub	Adap_comp_sub
3DID_Adap_comp_sub_LIG_4-0	PF00928	Adap_comp_sub	Adap_comp_sub
3DID_Adap_comp_sub_LIG_4-6	PF00928	Adap_comp_sub	Adap_comp_sub
3DID_Adap_comp_sub_LIG_4-7	PF00928	Adap_comp_sub	Adap_comp_sub
3DID_Adap_comp_sub_LIG_5-0	PF00928	Adap_comp_sub	Adap_comp_sub
3DID_Adap_comp_sub_LIG_5-1	PF00928	Adap_comp_sub	Adap_comp_sub
3DID_Adap_comp_sub_LIG_5-3	PF00928	Adap_comp_sub	Adap_comp_sub
3DID_Agenet_LIG_0-0	PF05641	Agenet	Agenet
3DID_Agenet_LIG_2-0	PF05641	Agenet	Agenet
3DID_Alfin_LIG_0-0	PF12165	Alfin	Alfin
3DID_Alfin_LIG_1-0	PF12165	Alfin	Alfin
3DID_Amino_oxidase_LIG_3-0	PF01593	Amino_oxidase	Amino_oxidase
3DID_Amino_oxidase_LIG_3-1	PF01593	Amino_oxidase	Amino_oxidase
3DID_Amino_oxidase_LIG_3-24	PF01593	Amino_oxidase	Amino_oxidase
3DID_Amino_oxidase_LIG_3-29	PF01593	Amino_oxidase	Amino_oxidase
3DID_Amino_oxidase_LIG_3-30	PF01593	Amino_oxidase	Amino_oxidase
3DID_Amino_oxidase_LIG_3-5	PF01593	Amino_oxidase	Amino_oxidase
3DID_Ank_2_LIG_0-0	PF12796	Ank_2	Ank_2
3DID_Ank_2_LIG_4-0	PF12796	Ank_2	Ank_2
3DID_Ank_2_LIG_4-1	PF12796	Ank_2	Ank_2
3DID_Ank_2_LIG_4-10	PF12796	Ank_2	Ank_2
3DID_Ank_2_LIG_4-13	PF12796	Ank_2	Ank_2
3DID_Ank_2_LIG_4-14	PF12796	Ank_2	Ank_2
3DID_Ank_2_LIG_4-15	PF12796	Ank_2	Ank_2
3DID_Ank_2_LIG_4-16	PF12796	Ank_2	Ank_2
3DID_Ank_2_LIG_4-17	PF12796	Ank_2	Ank_2
3DID_Ank_2_LIG_4-18	PF12796	Ank_2	Ank_2
3DID_Ank_2_LIG_4-19	PF12796	Ank_2	Ank_2
3DID_Ank_2_LIG_4-2	PF12796	Ank_2	Ank_2
3DID_Ank_2_LIG_4-3	PF12796	Ank_2	Ank_2
3DID_Ank_2_LIG_4-4	PF12796	Ank_2	Ank_2
3DID_Ank_2_LIG_4-8	PF12796	Ank_2	Ank_2
3DID_Ank_2_LIG_8-0	PF12796	Ank_2	Ank_2
3DID_Ank_2_LIG_8-1	PF12796	Ank_2	Ank_2
3DID_Ank_2_LIG_9-0	PF12796	Ank_2	Ank_2
3DID_Ank_2_LIG_9-1	PF12796	Ank_2	Ank_2
3DID_Ank_2_LIG_9-10	PF12796	Ank_2	Ank_2
3DID_Ank_2_LIG_9-13	PF12796	Ank_2	Ank_2
3DID_Ank_2_LIG_9-15	PF12796	Ank_2	Ank_2
3DID_Ank_2_LIG_9-18	PF12796	Ank_2	Ank_2
3DID_Ank_LIG_0-0	PF00023	Ank	Ank
3DID_Ank_LIG_1-0	PF00023	Ank	Ank
3DID_Ank_LIG_1-2	PF00023	Ank	Ank
3DID_Ank_LIG_2-0	PF00023	Ank	Ank
3DID_Ank_LIG_2-5	PF00023	Ank	Ank
3DID_Ank_LIG_2-6	PF00023	Ank	Ank
3DID_Arf_LIG_1-0	PF00025	Arf	Arf
3DID_Arf_LIG_1-1	PF00025	Arf	Arf
3DID_Arm_LIG_1-0	PF00514	Arm	Arm
3DID_Arm_LIG_1-1	PF00514	Arm	Arm
3DID_Arm_LIG_1-10	PF00514	Arm	Arm
3DID_Arm_LIG_1-17	PF00514	Arm	Arm
3DID_Arm_LIG_1-18	PF00514	Arm	Arm
3DID_Arm_LIG_1-25	PF00514	Arm	Arm
3DID_Arm_LIG_1-49	PF00514	Arm	Arm
3DID_Arm_LIG_1-7	PF00514	Arm	Arm
3DID_Arm_LIG_2-0	PF00514	Arm	Arm
3DID_Arm_LIG_2-1	PF00514	Arm	Arm
3DID_Arm_LIG_2-10	PF00514	Arm	Arm
3DID_Arm_LIG_2-11	PF00514	Arm	Arm
3DID_Arm_LIG_2-12	PF00514	Arm	Arm
3DID_Arm_LIG_2-13	PF00514	Arm	Arm
3DID_Arm_LIG_2-2	PF00514	Arm	Arm
3DID_Arm_LIG_2-20	PF00514	Arm	Arm
3DID_Arm_LIG_2-21	PF00514	Arm	Arm
3DID_Arm_LIG_2-24	PF00514	Arm	Arm
3DID_Arm_LIG_2-3	PF00514	Arm	Arm
3DID_Arm_LIG_2-4	PF00514	Arm	Arm
3DID_Arm_LIG_2-6	PF00514	Arm	Arm
3DID_Arm_LIG_2-65	PF00514	Arm	Arm
3DID_Arm_LIG_2-69	PF00514	Arm	Arm
3DID_Arm_LIG_2-7	PF00514	Arm	Arm
3DID_Arm_LIG_3-0	PF00514	Arm	Arm
3DID_Arm_LIG_3-1	PF00514	Arm	Arm
3DID_Arm_LIG_3-12	PF00514	Arm	Arm
3DID_Arm_LIG_3-19	PF00514	Arm	Arm
3DID_Arm_LIG_3-2	PF00514	Arm	Arm
3DID_Arm_LIG_4-0	PF00514	Arm	Arm
3DID_Arm_LIG_4-1	PF00514	Arm	Arm
3DID_Arm_LIG_4-15	PF00514	Arm	Arm
3DID_Arm_LIG_4-2	PF00514	Arm	Arm
3DID_Arm_LIG_4-3	PF00514	Arm	Arm
3DID_Arm_LIG_4-8	PF00514	Arm	Arm
3DID_Arm_LIG_5-0	PF00514	Arm	Arm
3DID_Arm_LIG_5-1	PF00514	Arm	Arm
3DID_Arm_LIG_5-4	PF00514	Arm	Arm
3DID_Arm_LIG_5-5	PF00514	Arm	Arm
3DID_Arm_LIG_6-0	PF00514	Arm	Arm
3DID_Arm_LIG_6-1	PF00514	Arm	Arm
3DID_Arm_LIG_6-12	PF00514	Arm	Arm
3DID_Arm_LIG_6-13	PF00514	Arm	Arm
3DID_Arm_LIG_6-14	PF00514	Arm	Arm
3DID_Arm_LIG_6-2	PF00514	Arm	Arm
3DID_Arm_LIG_6-26	PF00514	Arm	Arm
3DID_Arm_LIG_6-4	PF00514	Arm	Arm
3DID_Arm_LIG_6-76	PF00514	Arm	Arm
3DID_Arm_LIG_6-77	PF00514	Arm	Arm
3DID_Arm_LIG_6-8	PF00514	Arm	Arm
3DID_Arm_LIG_7-0	PF00514	Arm	Arm
3DID_Arm_LIG_7-1	PF00514	Arm	Arm
3DID_Arm_LIG_7-2	PF00514	Arm	Arm
3DID_Arm_LIG_7-24	PF00514	Arm	Arm
3DID_Arm_LIG_7-9	PF00514	Arm	Arm
3DID_Arm_LIG_8-2	PF00514	Arm	Arm
3DID_Asp_LIG_2-0	PF00026	Asp	Asp
3DID_Asp_LIG_2-1	PF00026	Asp	Asp
3DID_Asp_LIG_2-2	PF00026	Asp	Asp
3DID_Asp_LIG_2-4	PF00026	Asp	Asp
3DID_B56_LIG_0-0	PF01603	B56	B56
3DID_B56_LIG_0-1	PF01603	B56	B56
3DID_B56_LIG_0-8	PF01603	B56	B56
3DID_BAH_LIG_0-0	PF01426	BAH	BAH
3DID_BAH_LIG_0-2	PF01426	BAH	BAH
3DID_BAH_LIG_0-4	PF01426	BAH	BAH
3DID_BET_LIG_2-0	PF17035	BET	BET
3DID_BET_LIG_2-1	PF17035	BET	BET
3DID_BET_LIG_2-9	PF17035	BET	BET
3DID_BIR_LIG_2-0	PF00653	BIR	BIR
3DID_BIR_LIG_2-2	PF00653	BIR	BIR
3DID_BIR_LIG_2-3	PF00653	BIR	BIR
3DID_BRCT_LIG_0-0	PF00533	BRCT	BRCT
3DID_BRCT_LIG_1-0	PF00533	BRCT	BRCT
3DID_BRCT_LIG_2-0	PF00533	BRCT	BRCT
3DID_BRCT_LIG_2-11	PF00533	BRCT	BRCT
3DID_BRCT_LIG_2-12	PF00533	BRCT	BRCT
3DID_BRCT_LIG_2-5	PF00533	BRCT	BRCT
3DID_BRCT_LIG_2-9	PF00533	BRCT	BRCT
3DID_BRCT_LIG_4-0	PF00533	BRCT	BRCT
3DID_BRO1_LIG_1-0	PF03097	BRO1	BRO1
3DID_BRO1_LIG_5-0	PF03097	BRO1	BRO1
3DID_BTB_2_LIG_0-0	PF02214	BTB_2	BTB_2
3DID_BTB_2_LIG_1-0	PF02214	BTB_2	BTB_2
3DID_BTB_LIG_2-0	PF00651	BTB	BTB
3DID_BTB_LIG_2-1	PF00651	BTB	BTB
3DID_Bcl-2_LIG_10-0	PF00452	Bcl-2	Bcl-2
3DID_Branch_LIG_0-0	PF02485	Branch	Branch
3DID_Branch_LIG_0-2	PF02485	Branch	Branch
3DID_Brix_LIG_2-0	PF04427	Brix	Brix
3DID_Bromodomain_LIG_2-0	PF00439	Bromodomain	Bromodomain
3DID_Bromodomain_LIG_2-1	PF00439	Bromodomain	Bromodomain
3DID_Bromodomain_LIG_2-2	PF00439	Bromodomain	Bromodomain
3DID_Bromodomain_LIG_2-4	PF00439	Bromodomain	Bromodomain
3DID_Bromodomain_LIG_2-5	PF00439	Bromodomain	Bromodomain
3DID_Bromodomain_LIG_2-6	PF00439	Bromodomain	Bromodomain
3DID_Bromodomain_LIG_2-64	PF00439	Bromodomain	Bromodomain
3DID_Bromodomain_LIG_2-71	PF00439	Bromodomain	Bromodomain
3DID_Bromodomain_LIG_2-74	PF00439	Bromodomain	Bromodomain
3DID_Bromodomain_LIG_2-80	PF00439	Bromodomain	Bromodomain
3DID_Bromodomain_LIG_2-81	PF00439	Bromodomain	Bromodomain
3DID_Bromodomain_LIG_2-85	PF00439	Bromodomain	Bromodomain
3DID_Bromodomain_LIG_2-89	PF00439	Bromodomain	Bromodomain
3DID_Bromodomain_LIG_2-91	PF00439	Bromodomain	Bromodomain
3DID_Bromodomain_LIG_2-92	PF00439	Bromodomain	Bromodomain
3DID_Bromodomain_LIG_6-0	PF00439	Bromodomain	Bromodomain
3DID_Bromodomain_LIG_6-17	PF00439	Bromodomain	Bromodomain
3DID_Bromodomain_LIG_6-18	PF00439	Bromodomain	Bromodomain
3DID_Bromodomain_LIG_6-2	PF00439	Bromodomain	Bromodomain
3DID_Bromodomain_LIG_6-58	PF00439	Bromodomain	Bromodomain
3DID_Bromodomain_LIG_6-7	PF00439	Bromodomain	Bromodomain
3DID_Bromodomain_LIG_6-71	PF00439	Bromodomain	Bromodomain
3DID_C1-set_LIG_1-0	PF07654	C1-set	C1-set
3DID_C1-set_LIG_20-0	PF07654	C1-set	C1-set
3DID_C1-set_LIG_20-1	PF07654	C1-set	C1-set
3DID_C1-set_LIG_5-0	PF07654	C1-set	C1-set
3DID_C1-set_LIG_8-0	PF07654	C1-set	C1-set
3DID_C1-set_LIG_8-1	PF07654	C1-set	C1-set
3DID_C1-set_LIG_8-3	PF07654	C1-set	C1-set
3DID_CAF1C_H4-bd_LIG_0-0	PF12265	CAF1C_H4-bd	CAF1C_H4-bd
3DID_CAF1C_H4-bd_LIG_0-1	PF12265	CAF1C_H4-bd	CAF1C_H4-bd
3DID_CAF1C_H4-bd_LIG_0-3	PF12265	CAF1C_H4-bd	CAF1C_H4-bd
3DID_CAF1C_H4-bd_LIG_1-0	PF12265	CAF1C_H4-bd	CAF1C_H4-bd
3DID_CBFB_NFYA_LIG_0-0	PF02045	CBFB_NFYA	CBFB_NFYA
3DID_CBFB_NFYA_LIG_0-17	PF02045	CBFB_NFYA	CBFB_NFYA
3DID_CBFB_NFYA_LIG_0-43	PF02045	CBFB_NFYA	CBFB_NFYA
3DID_CBFB_NFYA_LIG_0-5	PF02045	CBFB_NFYA	CBFB_NFYA
3DID_CBF_beta_LIG_0-0	PF02312	CBF_beta	CBF_beta
3DID_CBF_beta_LIG_0-1	PF02312	CBF_beta	CBF_beta
3DID_CBF_beta_LIG_1-0	PF02312	CBF_beta	CBF_beta
3DID_CC2-LZ_LIG_0-0	PF16516	CC2-LZ	CC2-LZ
3DID_CC2-LZ_LIG_0-4	PF16516	CC2-LZ	CC2-LZ
3DID_CDC48_2_LIG_0-0	PF02933	CDC48_2	CDC48_2
3DID_CDC48_2_LIG_1-0	PF02933	CDC48_2	CDC48_2
3DID_CED4_WHD_LIG_0-0	PF22094	CED4_WHD	CED4_WHD
3DID_CED4_WHD_LIG_0-1	PF22094	CED4_WHD	CED4_WHD
3DID_CED4_WHD_LIG_0-2	PF22094	CED4_WHD	CED4_WHD
3DID_CED4_WHD_LIG_0-3	PF22094	CED4_WHD	CED4_WHD
3DID_CENP-N_LIG_2-0	PF05238	CENP-N	CENP-N
3DID_CENP-R_LIG_2-0	PF06729	CENP-R	CENP-R
3DID_CENP-T_C_LIG_5-0	PF15511	CENP-T_C	CENP-T_C
3DID_CENP-T_C_LIG_5-1	PF15511	CENP-T_C	CENP-T_C
3DID_CENP-T_C_LIG_5-2	PF15511	CENP-T_C	CENP-T_C
3DID_CH_LIG_2-0	PF00307	CH	CH
3DID_CH_LIG_2-2	PF00307	CH	CH
3DID_CID_LIG_0-0	PF04818	CID	CID
3DID_CID_LIG_0-3	PF04818	CID	CID
3DID_CID_LIG_0-6	PF04818	CID	CID
3DID_CID_LIG_0-8	PF04818	CID	CID
3DID_CID_LIG_3-0	PF04818	CID	CID
3DID_CID_LIG_3-2	PF04818	CID	CID
3DID_COX5A_LIG_0-0	PF02284	COX5A	COX5A
3DID_COX5A_LIG_2-0	PF02284	COX5A	COX5A
3DID_COX5B_LIG_2-0	PF01215	COX5B	COX5B
3DID_COX5B_LIG_2-1	PF01215	COX5B	COX5B
3DID_CSN7a_helixI_LIG_0-0	PF18392	CSN7a_helixI	CSN7a_helixI
3DID_CbiA_LIG_0-0	PF01656	CbiA	CbiA
3DID_CbiA_LIG_2-0	PF01656	CbiA	CbiA
3DID_Cbl_N3_LIG_0-0	PF02762	Cbl_N3	Cbl_N3
3DID_Cbl_N3_LIG_2-0	PF02762	Cbl_N3	Cbl_N3
3DID_Cbl_N3_LIG_2-25	PF02762	Cbl_N3	Cbl_N3
3DID_ChAPs_LIG_0-0	PF09295	ChAPs	ChAPs
3DID_Chloroa_b-bind_LIG_20-0	PF00504	Chloroa_b-bind	Chloroa_b-bind
3DID_Chromo_LIG_2-0	PF00385	Chromo	Chromo
3DID_Chromo_LIG_2-2	PF00385	Chromo	Chromo
3DID_Chromo_LIG_2-22	PF00385	Chromo	Chromo
3DID_Chromo_LIG_2-48	PF00385	Chromo	Chromo
3DID_Chromo_LIG_6-0	PF00385	Chromo	Chromo
3DID_Chromo_LIG_6-19	PF00385	Chromo	Chromo
3DID_Chromo_LIG_6-24	PF00385	Chromo	Chromo
3DID_Chromo_LIG_6-4	PF00385	Chromo	Chromo
3DID_Chromo_LIG_6-88	PF00385	Chromo	Chromo
3DID_Chromo_shadow_LIG_0-0	PF01393	Chromo_shadow	Chromo_shadow
3DID_CiPC_LIG_0-0	PF15800	CiPC	CiPC
3DID_CiPC_LIG_0-1	PF15800	CiPC	CiPC
3DID_CiPC_LIG_3-0	PF15800	CiPC	CiPC
3DID_CiPC_LIG_4-0	PF15800	CiPC	CiPC
3DID_CiPC_LIG_4-1	PF15800	CiPC	CiPC
3DID_CiPC_LIG_4-2	PF15800	CiPC	CiPC
3DID_CiPC_LIG_4-3	PF15800	CiPC	CiPC
3DID_Complex1_49kDa_LIG_1-0	PF00346	Complex1_49kDa	Complex1_49kDa
3DID_Complex1_49kDa_LIG_1-3	PF00346	Complex1_49kDa	Complex1_49kDa
3DID_Complex1_51K_LIG_2-0	PF01512	Complex1_51K	Complex1_51K
3DID_Complex1_LYR_2_LIG_2-0	PF13233	Complex1_LYR_2	Complex1_LYR_2
3DID_Cpn60_TCP1_LIG_0-0	PF00118	Cpn60_TCP1	Cpn60_TCP1
3DID_Cpn60_TCP1_LIG_0-23	PF00118	Cpn60_TCP1	Cpn60_TCP1
3DID_Cpn60_TCP1_LIG_3-0	PF00118	Cpn60_TCP1	Cpn60_TCP1
3DID_Cpn60_TCP1_LIG_3-3	PF00118	Cpn60_TCP1	Cpn60_TCP1
3DID_Cpn60_TCP1_LIG_5-0	PF00118	Cpn60_TCP1	Cpn60_TCP1
3DID_Cpn60_TCP1_LIG_5-3	PF00118	Cpn60_TCP1	Cpn60_TCP1
3DID_Cpn60_TCP1_LIG_9-0	PF00118	Cpn60_TCP1	Cpn60_TCP1
3DID_Cpn60_TCP1_LIG_9-1	PF00118	Cpn60_TCP1	Cpn60_TCP1
3DID_Cpn60_TCP1_LIG_9-10	PF00118	Cpn60_TCP1	Cpn60_TCP1
3DID_Cpn60_TCP1_LIG_9-11	PF00118	Cpn60_TCP1	Cpn60_TCP1
3DID_Cpn60_TCP1_LIG_9-3	PF00118	Cpn60_TCP1	Cpn60_TCP1
3DID_Cpn60_TCP1_LIG_9-4	PF00118	Cpn60_TCP1	Cpn60_TCP1
3DID_Csm1_LIG_2-0	PF12539	Csm1	Csm1
3DID_Ctf4_C_LIG_0-0	PF20946	Ctf4_C	Ctf4_C
3DID_Ctf8_LIG_2-0	PF09696	Ctf8	Ctf8
3DID_Cullin_LIG_0-0	PF00888	Cullin	Cullin
3DID_Cullin_LIG_0-1	PF00888	Cullin	Cullin
3DID_Cullin_LIG_0-23	PF00888	Cullin	Cullin
3DID_Cullin_LIG_0-8	PF00888	Cullin	Cullin
3DID_Cullin_LIG_1-0	PF00888	Cullin	Cullin
3DID_Cullin_LIG_1-1	PF00888	Cullin	Cullin
3DID_Cullin_LIG_5-0	PF00888	Cullin	Cullin
3DID_Cullin_LIG_5-2	PF00888	Cullin	Cullin
3DID_Cupin_8_LIG_0-0	PF13621	Cupin_8	Cupin_8
3DID_Cupin_8_LIG_0-1	PF13621	Cupin_8	Cupin_8
3DID_Cupin_8_LIG_0-2	PF13621	Cupin_8	Cupin_8
3DID_Cupin_8_LIG_0-37	PF13621	Cupin_8	Cupin_8
3DID_Cupin_8_LIG_0-73	PF13621	Cupin_8	Cupin_8
3DID_Cyclin_N_LIG_1-0	PF00134	Cyclin_N	Cyclin_N
3DID_Cyclin_N_LIG_4-0	PF00134	Cyclin_N	Cyclin_N
3DID_Cyclin_N_LIG_4-1	PF00134	Cyclin_N	Cyclin_N
3DID_Cyclin_N_LIG_4-2	PF00134	Cyclin_N	Cyclin_N
3DID_Cyclin_N_LIG_4-7	PF00134	Cyclin_N	Cyclin_N
3DID_DNA_RNApol_7kD_LIG_0-0	PF03604	DNA_RNApol_7kD	DNA_RNApol_7kD
3DID_DNA_RNApol_7kD_LIG_0-1	PF03604	DNA_RNApol_7kD	DNA_RNApol_7kD
3DID_DNA_RNApol_7kD_LIG_0-2	PF03604	DNA_RNApol_7kD	DNA_RNApol_7kD
3DID_DNA_RNApol_7kD_LIG_2-0	PF03604	DNA_RNApol_7kD	DNA_RNApol_7kD
3DID_DNA_RNApol_7kD_LIG_2-1	PF03604	DNA_RNApol_7kD	DNA_RNApol_7kD
3DID_DNA_RNApol_7kD_LIG_2-2	PF03604	DNA_RNApol_7kD	DNA_RNApol_7kD
3DID_DNA_RNApol_7kD_LIG_3-0	PF03604	DNA_RNApol_7kD	DNA_RNApol_7kD
3DID_DNA_RNApol_7kD_LIG_3-1	PF03604	DNA_RNApol_7kD	DNA_RNApol_7kD
3DID_DNA_RNApol_7kD_LIG_3-2	PF03604	DNA_RNApol_7kD	DNA_RNApol_7kD
3DID_DNA_gyraseB_C_LIG_1-0	PF00986	DNA_gyraseB_C	DNA_gyraseB_C
3DID_DNA_gyraseB_C_LIG_1-2	PF00986	DNA_gyraseB_C	DNA_gyraseB_C
3DID_DNA_gyraseB_C_LIG_1-6	PF00986	DNA_gyraseB_C	DNA_gyraseB_C
3DID_DNA_pol3_beta_2_LIG_0-0	PF02767	DNA_pol3_beta_2	DNA_pol3_beta_2
3DID_DNA_pol3_beta_2_LIG_1-1	PF02767	DNA_pol3_beta_2	DNA_pol3_beta_2
3DID_DNA_pol3_beta_3_LIG_4-0	PF02768	DNA_pol3_beta_3	DNA_pol3_beta_3
3DID_DNA_pol3_beta_3_LIG_4-3	PF02768	DNA_pol3_beta_3	DNA_pol3_beta_3
3DID_DNA_pol_B_LIG_0-0	PF00136	DNA_pol_B	DNA_pol_B
3DID_DSPn_LIG_1-0	PF14671	DSPn	DSPn
3DID_Dcc1_LIG_0-0	PF09724	Dcc1	Dcc1
3DID_Dcc1_LIG_0-15	PF09724	Dcc1	Dcc1
3DID_Dcc1_LIG_0-2	PF09724	Dcc1	Dcc1
3DID_Dcc1_LIG_0-3	PF09724	Dcc1	Dcc1
3DID_Dcc1_LIG_0-4	PF09724	Dcc1	Dcc1
3DID_Dcc1_LIG_2-0	PF09724	Dcc1	Dcc1
3DID_Dcc1_LIG_2-1	PF09724	Dcc1	Dcc1
3DID_Dcc1_LIG_2-6	PF09724	Dcc1	Dcc1
3DID_Dcc1_LIG_2-9	PF09724	Dcc1	Dcc1
3DID_Dicer_PBD_LIG_0-0	PF20930	Dicer_PBD	Dicer_PBD
3DID_Dpy-30_LIG_0-0	PF05186	Dpy-30	Dpy-30
3DID_Dpy-30_LIG_1-0	PF05186	Dpy-30	Dpy-30
3DID_Dynein_light_LIG_1-0	PF01221	Dynein_light	Dynein_light
3DID_Dynein_light_LIG_1-1	PF01221	Dynein_light	Dynein_light
3DID_Dynein_light_LIG_1-20	PF01221	Dynein_light	Dynein_light
3DID_Dynein_light_LIG_1-30	PF01221	Dynein_light	Dynein_light
3DID_Dynein_light_LIG_6-0	PF01221	Dynein_light	Dynein_light
3DID_Dynein_light_LIG_6-19	PF01221	Dynein_light	Dynein_light
3DID_Dynein_light_LIG_6-21	PF01221	Dynein_light	Dynein_light
3DID_Dynein_light_LIG_6-23	PF01221	Dynein_light	Dynein_light
3DID_Dynein_light_LIG_6-5	PF01221	Dynein_light	Dynein_light
3DID_Dynein_light_LIG_6-54	PF01221	Dynein_light	Dynein_light
3DID_Dynein_light_LIG_6-6	PF01221	Dynein_light	Dynein_light
3DID_Dynein_light_LIG_6-7	PF01221	Dynein_light	Dynein_light
3DID_Dynein_light_LIG_6-70	PF01221	Dynein_light	Dynein_light
3DID_Dynein_light_LIG_6-8	PF01221	Dynein_light	Dynein_light
3DID_Dynein_light_LIG_7-0	PF01221	Dynein_light	Dynein_light
3DID_Dynein_light_LIG_7-2	PF01221	Dynein_light	Dynein_light
3DID_Dynein_light_LIG_7-3	PF01221	Dynein_light	Dynein_light
3DID_Dynein_light_LIG_7-4	PF01221	Dynein_light	Dynein_light
3DID_Dynein_light_LIG_7-6	PF01221	Dynein_light	Dynein_light
3DID_EABR_LIG_0-0	PF12180	EABR	EABR
3DID_EABR_LIG_1-0	PF12180	EABR	EABR
3DID_EABR_LIG_1-3	PF12180	EABR	EABR
3DID_EB1_LIG_2-0	PF03271	EB1	EB1
3DID_EB1_LIG_2-1	PF03271	EB1	EB1
3DID_EB1_LIG_2-2	PF03271	EB1	EB1
3DID_EB1_LIG_2-4	PF03271	EB1	EB1
3DID_EB1_LIG_2-6	PF03271	EB1	EB1
3DID_EF-hand_7_LIG_1-0	PF13499	EF-hand_7	EF-hand_7
3DID_EF-hand_7_LIG_1-1	PF13499	EF-hand_7	EF-hand_7
3DID_EF-hand_7_LIG_1-15	PF13499	EF-hand_7	EF-hand_7
3DID_EF-hand_7_LIG_1-2	PF13499	EF-hand_7	EF-hand_7
3DID_EF-hand_7_LIG_1-3	PF13499	EF-hand_7	EF-hand_7
3DID_EF-hand_7_LIG_1-4	PF13499	EF-hand_7	EF-hand_7
3DID_EF-hand_7_LIG_1-8	PF13499	EF-hand_7	EF-hand_7
3DID_EF-hand_7_LIG_12-0	PF13499	EF-hand_7	EF-hand_7
3DID_EF-hand_7_LIG_12-1	PF13499	EF-hand_7	EF-hand_7
3DID_EF-hand_7_LIG_13-0	PF13499	EF-hand_7	EF-hand_7
3DID_EF-hand_7_LIG_3-0	PF13499	EF-hand_7	EF-hand_7
3DID_EF-hand_7_LIG_5-0	PF13499	EF-hand_7	EF-hand_7
3DID_EF-hand_7_LIG_5-11	PF13499	EF-hand_7	EF-hand_7
3DID_EF-hand_7_LIG_5-12	PF13499	EF-hand_7	EF-hand_7
3DID_EF-hand_7_LIG_5-14	PF13499	EF-hand_7	EF-hand_7
3DID_EF-hand_7_LIG_5-2	PF13499	EF-hand_7	EF-hand_7
3DID_EF-hand_7_LIG_5-3	PF13499	EF-hand_7	EF-hand_7
3DID_EF-hand_7_LIG_5-4	PF13499	EF-hand_7	EF-hand_7
3DID_EF-hand_7_LIG_5-5	PF13499	EF-hand_7	EF-hand_7
3DID_EF-hand_7_LIG_5-9	PF13499	EF-hand_7	EF-hand_7
3DID_EFhand_Ca_insen_LIG_1-0	PF08726	EFhand_Ca_insen	EFhand_Ca_insen
3DID_EFhand_Ca_insen_LIG_1-1	PF08726	EFhand_Ca_insen	EFhand_Ca_insen
3DID_EFhand_Ca_insen_LIG_1-2	PF08726	EFhand_Ca_insen	EFhand_Ca_insen
3DID_ESSS_LIG_6-0	PF10183	ESSS	ESSS
3DID_EXOSC1_LIG_0-0	PF10447	EXOSC1	EXOSC1
3DID_EXOSC1_LIG_2-0	PF10447	EXOSC1	EXOSC1
3DID_EnY2_LIG_2-0	PF10163	EnY2	EnY2
3DID_Ephrin_lbd_LIG_1-0	PF01404	Ephrin_lbd	Ephrin_lbd
3DID_Epimerase_LIG_0-0	PF01370	Epimerase	Epimerase
3DID_Epimerase_LIG_6-0	PF01370	Epimerase	Epimerase
3DID_Epimerase_LIG_7-0	PF01370	Epimerase	Epimerase
3DID_Epimerase_LIG_7-1	PF01370	Epimerase	Epimerase
3DID_F1F0-ATPsyn_F_LIG_1-0	PF10791	F1F0-ATPsyn_F	F1F0-ATPsyn_F
3DID_FERM_C_LIG_0-0	PF09380	FERM_C	FERM_C
3DID_FERM_M_LIG_2-0	PF00373	FERM_M	FERM_M
3DID_FGE-sulfatase_LIG_0-0	PF03781	FGE-sulfatase	FGE-sulfatase
3DID_FGE-sulfatase_LIG_0-2	PF03781	FGE-sulfatase	FGE-sulfatase
3DID_FHA_2_LIG_1-0	PF17913	FHA_2	FHA_2
3DID_FHA_2_LIG_1-1	PF17913	FHA_2	FHA_2
3DID_FHA_2_LIG_1-13	PF17913	FHA_2	FHA_2
3DID_FHA_2_LIG_1-6	PF17913	FHA_2	FHA_2
3DID_FHA_LIG_0-0	PF00498	FHA	FHA
3DID_FHA_LIG_0-10	PF00498	FHA	FHA
3DID_FHA_LIG_0-12	PF00498	FHA	FHA
3DID_FHA_LIG_0-13	PF00498	FHA	FHA
3DID_FHA_LIG_0-18	PF00498	FHA	FHA
3DID_FHA_LIG_0-2	PF00498	FHA	FHA
3DID_FHA_LIG_0-20	PF00498	FHA	FHA
3DID_FHA_LIG_0-24	PF00498	FHA	FHA
3DID_FHA_LIG_0-3	PF00498	FHA	FHA
3DID_Fer2_4_LIG_0-0	PF13510	Fer2_4	Fer2_4
3DID_Fer2_4_LIG_0-3	PF13510	Fer2_4	Fer2_4
3DID_Fibrinogen_C_LIG_0-0	PF00147	Fibrinogen_C	Fibrinogen_C
3DID_Filamin_LIG_0-0	PF00630	Filamin	Filamin
3DID_Filamin_LIG_1-0	PF00630	Filamin	Filamin
3DID_Filamin_LIG_2-0	PF00630	Filamin	Filamin
3DID_Filamin_LIG_2-1	PF00630	Filamin	Filamin
3DID_Filamin_LIG_2-3	PF00630	Filamin	Filamin
3DID_Fimbrial_LIG_0-0	PF00419	Fimbrial	Fimbrial
3DID_Fimbrial_LIG_0-2	PF00419	Fimbrial	Fimbrial
3DID_Fimbrial_LIG_0-4	PF00419	Fimbrial	Fimbrial
3DID_Focal_AT_LIG_2-0	PF03623	Focal_AT	Focal_AT
3DID_Focal_AT_LIG_2-2	PF03623	Focal_AT	Focal_AT
3DID_Focal_AT_LIG_4-0	PF03623	Focal_AT	Focal_AT
3DID_GCP_C_terminal_LIG_4-0	PF04130	GCP_C_terminal	GCP_C_terminal
3DID_GRIM-19_LIG_6-0	PF06212	GRIM-19	GRIM-19
3DID_GRIM-19_LIG_6-1	PF06212	GRIM-19	GRIM-19
3DID_GTP_EFTU_LIG_0-0	PF00009	GTP_EFTU	GTP_EFTU
3DID_GYF_LIG_0-0	PF02213	GYF	GYF
3DID_GYF_LIG_0-1	PF02213	GYF	GYF
3DID_GYF_LIG_0-10	PF02213	GYF	GYF
3DID_Glyco_transf_41_LIG_1-0	PF13844	Glyco_transf_41	Glyco_transf_41
3DID_Glyco_transf_41_LIG_1-1	PF13844	Glyco_transf_41	Glyco_transf_41
3DID_Glycogen_syn_LIG_0-0	PF05693	Glycogen_syn	Glycogen_syn
3DID_Gtr1_RagA_LIG_2-0	PF04670	Gtr1_RagA	Gtr1_RagA
3DID_Gtr1_RagA_LIG_2-4	PF04670	Gtr1_RagA	Gtr1_RagA
3DID_Guanylate_kin_LIG_0-0	PF00625	Guanylate_kin	Guanylate_kin
3DID_Guanylate_kin_LIG_0-1	PF00625	Guanylate_kin	Guanylate_kin
3DID_Guanylate_kin_LIG_0-11	PF00625	Guanylate_kin	Guanylate_kin
3DID_Guanylate_kin_LIG_0-12	PF00625	Guanylate_kin	Guanylate_kin
3DID_Guanylate_kin_LIG_0-14	PF00625	Guanylate_kin	Guanylate_kin
3DID_Guanylate_kin_LIG_0-2	PF00625	Guanylate_kin	Guanylate_kin
3DID_Guanylate_kin_LIG_2-0	PF00625	Guanylate_kin	Guanylate_kin
3DID_Guanylate_kin_LIG_4-0	PF00625	Guanylate_kin	Guanylate_kin
3DID_Guanylate_kin_LIG_4-2	PF00625	Guanylate_kin	Guanylate_kin
3DID_Guanylate_kin_LIG_4-3	PF00625	Guanylate_kin	Guanylate_kin
3DID_Guanylate_kin_LIG_4-4	PF00625	Guanylate_kin	Guanylate_kin
3DID_Guanylate_kin_LIG_4-6	PF00625	Guanylate_kin	Guanylate_kin
3DID_Guanylate_kin_LIG_5-0	PF00625	Guanylate_kin	Guanylate_kin
3DID_Guanylate_kin_LIG_5-1	PF00625	Guanylate_kin	Guanylate_kin
3DID_Guanylate_kin_LIG_8-0	PF00625	Guanylate_kin	Guanylate_kin
3DID_Guanylate_kin_LIG_8-11	PF00625	Guanylate_kin	Guanylate_kin
3DID_Guanylate_kin_LIG_8-22	PF00625	Guanylate_kin	Guanylate_kin
3DID_Guanylate_kin_LIG_8-23	PF00625	Guanylate_kin	Guanylate_kin
3DID_Guanylate_kin_LIG_8-4	PF00625	Guanylate_kin	Guanylate_kin
3DID_Guanylate_kin_LIG_8-7	PF00625	Guanylate_kin	Guanylate_kin
3DID_HEAT_2_LIG_0-0	PF13646	HEAT_2	HEAT_2
3DID_HEAT_2_LIG_1-0	PF13646	HEAT_2	HEAT_2
3DID_HEAT_2_LIG_1-1	PF13646	HEAT_2	HEAT_2
3DID_HEAT_2_LIG_1-10	PF13646	HEAT_2	HEAT_2
3DID_HEAT_2_LIG_1-2	PF13646	HEAT_2	HEAT_2
3DID_HEAT_2_LIG_1-4	PF13646	HEAT_2	HEAT_2
3DID_HEAT_2_LIG_1-5	PF13646	HEAT_2	HEAT_2
3DID_HEAT_2_LIG_1-6	PF13646	HEAT_2	HEAT_2
3DID_HEAT_2_LIG_2-0	PF13646	HEAT_2	HEAT_2
3DID_HEAT_2_LIG_2-1	PF13646	HEAT_2	HEAT_2
3DID_HEAT_2_LIG_2-2	PF13646	HEAT_2	HEAT_2
3DID_HORMA_LIG_0-0	PF02301	HORMA	HORMA
3DID_HORMA_LIG_0-1	PF02301	HORMA	HORMA
3DID_HORMA_LIG_0-6	PF02301	HORMA	HORMA
3DID_HORMA_LIG_1-0	PF02301	HORMA	HORMA
3DID_HRM_LIG_1-0	PF02793	HRM	HRM
3DID_HRM_LIG_2-0	PF02793	HRM	HRM
3DID_HRM_LIG_2-3	PF02793	HRM	HRM
3DID_HRM_LIG_2-4	PF02793	HRM	HRM
3DID_HSP20_LIG_2-0	PF00011	HSP20	HSP20
3DID_HSP70_LIG_2-0	PF00012	HSP70	HSP70
3DID_HSP70_LIG_2-1	PF00012	HSP70	HSP70
3DID_HSP90_LIG_1-0	PF00183	HSP90	HSP90
3DID_HSP90_LIG_1-11	PF00183	HSP90	HSP90
3DID_HSP90_LIG_1-27	PF00183	HSP90	HSP90
3DID_HSP90_LIG_1-70	PF00183	HSP90	HSP90
3DID_Hist_deacetyl_LIG_4-0	PF00850	Hist_deacetyl	Hist_deacetyl
3DID_Hist_deacetyl_LIG_4-1	PF00850	Hist_deacetyl	Hist_deacetyl
3DID_Hist_deacetyl_LIG_4-2	PF00850	Hist_deacetyl	Hist_deacetyl
3DID_Histone_H2A_C_LIG_0-0	PF16211	Histone_H2A_C	Histone_H2A_C
3DID_Histone_H2A_C_LIG_0-1	PF16211	Histone_H2A_C	Histone_H2A_C
3DID_Histone_LIG_0-0	PF00125	Histone	Histone
3DID_Histone_LIG_10-0	PF00125	Histone	Histone
3DID_Histone_LIG_10-10	PF00125	Histone	Histone
3DID_Histone_LIG_10-5	PF00125	Histone	Histone
3DID_Histone_LIG_10-6	PF00125	Histone	Histone
3DID_Histone_LIG_16-0	PF00125	Histone	Histone
3DID_Histone_LIG_16-1	PF00125	Histone	Histone
3DID_Histone_LIG_16-27	PF00125	Histone	Histone
3DID_Histone_LIG_19-0	PF00125	Histone	Histone
3DID_Histone_LIG_19-11	PF00125	Histone	Histone
3DID_Histone_LIG_4-0	PF00125	Histone	Histone
3DID_Histone_LIG_5-0	PF00125	Histone	Histone
3DID_Histone_LIG_5-12	PF00125	Histone	Histone
3DID_Histone_LIG_5-13	PF00125	Histone	Histone
3DID_Histone_LIG_5-18	PF00125	Histone	Histone
3DID_Histone_LIG_8-0	PF00125	Histone	Histone
3DID_Histone_LIG_9-0	PF00125	Histone	Histone
3DID_Histone_LIG_9-1	PF00125	Histone	Histone
3DID_Histone_LIG_9-14	PF00125	Histone	Histone
3DID_Histone_LIG_9-17	PF00125	Histone	Histone
3DID_Histone_LIG_9-18	PF00125	Histone	Histone
3DID_Histone_LIG_9-32	PF00125	Histone	Histone
3DID_Histone_LIG_9-37	PF00125	Histone	Histone
3DID_Histone_LIG_9-48	PF00125	Histone	Histone
3DID_Histone_LIG_9-55	PF00125	Histone	Histone
3DID_Histone_LIG_9-65	PF00125	Histone	Histone
3DID_Histone_LIG_9-68	PF00125	Histone	Histone
3DID_Histone_LIG_9-69	PF00125	Histone	Histone
3DID_Histone_LIG_9-76	PF00125	Histone	Histone
3DID_Histone_LIG_9-8	PF00125	Histone	Histone
3DID_Histone_LIG_9-80	PF00125	Histone	Histone
3DID_Histone_LIG_9-9	PF00125	Histone	Histone
3DID_Hormone_recep_LIG_1-0	PF00104	Hormone_recep	Hormone_recep
3DID_Hormone_recep_LIG_1-1	PF00104	Hormone_recep	Hormone_recep
3DID_Hormone_recep_LIG_1-4	PF00104	Hormone_recep	Hormone_recep
3DID_Hormone_recep_LIG_1-9	PF00104	Hormone_recep	Hormone_recep
3DID_Hormone_recep_LIG_3-0	PF00104	Hormone_recep	Hormone_recep
3DID_Hormone_recep_LIG_3-1	PF00104	Hormone_recep	Hormone_recep
3DID_Hormone_recep_LIG_3-2	PF00104	Hormone_recep	Hormone_recep
3DID_Hormone_recep_LIG_3-3	PF00104	Hormone_recep	Hormone_recep
3DID_Hormone_recep_LIG_8-0	PF00104	Hormone_recep	Hormone_recep
3DID_Hormone_recep_LIG_8-1	PF00104	Hormone_recep	Hormone_recep
3DID_Hormone_recep_LIG_8-2	PF00104	Hormone_recep	Hormone_recep
3DID_Hormone_recep_LIG_8-3	PF00104	Hormone_recep	Hormone_recep
3DID_Hormone_recep_LIG_8-4	PF00104	Hormone_recep	Hormone_recep
3DID_Hormone_recep_LIG_8-6	PF00104	Hormone_recep	Hormone_recep
3DID_ICAP-1_inte_bdg_LIG_0-0	PF10480	ICAP-1_inte_bdg	ICAP-1_inte_bdg
3DID_ICAP-1_inte_bdg_LIG_2-0	PF10480	ICAP-1_inte_bdg	ICAP-1_inte_bdg
3DID_IF4E_LIG_2-0	PF01652	IF4E	IF4E
3DID_IF4E_LIG_2-1	PF01652	IF4E	IF4E
3DID_IF4E_LIG_2-19	PF01652	IF4E	IF4E
3DID_IF4E_LIG_2-2	PF01652	IF4E	IF4E
3DID_IF4E_LIG_2-36	PF01652	IF4E	IF4E
3DID_IF4E_LIG_2-67	PF01652	IF4E	IF4E
3DID_IF4E_LIG_6-0	PF01652	IF4E	IF4E
3DID_IF4E_LIG_6-1	PF01652	IF4E	IF4E
3DID_IF4E_LIG_6-4	PF01652	IF4E	IF4E
3DID_IRF-3_LIG_0-0	PF10401	IRF-3	IRF-3
3DID_IRF-3_LIG_0-1	PF10401	IRF-3	IRF-3
3DID_IRS_LIG_0-0	PF02174	IRS	IRS
3DID_IRS_LIG_0-1	PF02174	IRS	IRS
3DID_IRS_LIG_0-33	PF02174	IRS	IRS
3DID_IRS_LIG_0-38	PF02174	IRS	IRS
3DID_Ig_2_LIG_3-0	PF13895	Ig_2	Ig_2
3DID_Ig_3_LIG_1-0	PF13927	Ig_3	Ig_3
3DID_Insulin_LIG_0-0	PF00049	Insulin	Insulin
3DID_Insulin_LIG_0-3	PF00049	Insulin	Insulin
3DID_Insulin_LIG_1-0	PF00049	Insulin	Insulin
3DID_Insulin_LIG_11-0	PF00049	Insulin	Insulin
3DID_Insulin_LIG_12-0	PF00049	Insulin	Insulin
3DID_Insulin_LIG_3-0	PF00049	Insulin	Insulin
3DID_Insulin_LIG_3-1	PF00049	Insulin	Insulin
3DID_Insulin_LIG_4-0	PF00049	Insulin	Insulin
3DID_Insulin_LIG_4-1	PF00049	Insulin	Insulin
3DID_Insulin_LIG_5-0	PF00049	Insulin	Insulin
3DID_Insulin_LIG_9-0	PF00049	Insulin	Insulin
3DID_Insulin_LIG_9-8	PF00049	Insulin	Insulin
3DID_Ion_trans_LIG_1-0	PF00520	Ion_trans	Ion_trans
3DID_Ion_trans_LIG_8-0	PF00520	Ion_trans	Ion_trans
3DID_Isy1_LIG_0-0	PF06246	Isy1	Isy1
3DID_Isy1_LIG_0-1	PF06246	Isy1	Isy1
3DID_JHD_LIG_1-0	PF17811	JHD	JHD
3DID_Jak1_Phl_LIG_0-0	PF17887	Jak1_Phl	Jak1_Phl
3DID_JmjC_2_LIG_0-0	PF08007	JmjC_2	JmjC_2
3DID_JmjC_2_LIG_0-1	PF08007	JmjC_2	JmjC_2
3DID_JmjC_2_LIG_0-3	PF08007	JmjC_2	JmjC_2
3DID_JmjC_2_LIG_0-4	PF08007	JmjC_2	JmjC_2
3DID_JmjC_LIG_0-0	PF02373	JmjC	JmjC
3DID_JmjC_LIG_0-1	PF02373	JmjC	JmjC
3DID_JmjC_LIG_0-9	PF02373	JmjC	JmjC
3DID_KOW_LIG_2-0	PF00467	KOW	KOW
3DID_Kelch_1_LIG_0-0	PF01344	Kelch_1	Kelch_1
3DID_Kelch_1_LIG_0-11	PF01344	Kelch_1	Kelch_1
3DID_Kelch_1_LIG_0-16	PF01344	Kelch_1	Kelch_1
3DID_Kelch_1_LIG_0-4	PF01344	Kelch_1	Kelch_1
3DID_Ku_N_LIG_3-0	PF03731	Ku_N	Ku_N
3DID_Ku_N_LIG_3-16	PF03731	Ku_N	Ku_N
3DID_Ku_N_LIG_3-18	PF03731	Ku_N	Ku_N
3DID_Ku_N_LIG_3-3	PF03731	Ku_N	Ku_N
3DID_Ku_N_LIG_3-47	PF03731	Ku_N	Ku_N
3DID_Ku_N_LIG_4-0	PF03731	Ku_N	Ku_N
3DID_Kunitz_BPTI_LIG_0-0	PF00014	Kunitz_BPTI	Kunitz_BPTI
3DID_LAMTOR5_LIG_0-0	PF16672	LAMTOR5	LAMTOR5
3DID_LAMTOR5_LIG_0-1	PF16672	LAMTOR5	LAMTOR5
3DID_LAMTOR5_LIG_4-0	PF16672	LAMTOR5	LAMTOR5
3DID_LAMTOR5_LIG_6-0	PF16672	LAMTOR5	LAMTOR5
3DID_LSM_LIG_0-0	PF01423	LSM	LSM
3DID_LSM_LIG_0-1	PF01423	LSM	LSM
3DID_LSM_LIG_4-0	PF01423	LSM	LSM
3DID_LSM_LIG_4-3	PF01423	LSM	LSM
3DID_LSM_LIG_4-4	PF01423	LSM	LSM
3DID_LUC7_LIG_0-0	PF03194	LUC7	LUC7
3DID_LUC7_LIG_0-40	PF03194	LUC7	LUC7
3DID_Ldl_recept_b_LIG_0-0	PF00058	Ldl_recept_b	Ldl_recept_b
3DID_Lep_receptor_Ig_LIG_0-0	PF06328	Lep_receptor_Ig	Lep_receptor_Ig
3DID_Lipocalin_LIG_0-0	PF00061	Lipocalin	Lipocalin
3DID_Lipocalin_LIG_0-1	PF00061	Lipocalin	Lipocalin
3DID_MAGE_LIG_0-0	PF01454	MAGE	MAGE
3DID_MAGE_LIG_0-21	PF01454	MAGE	MAGE
3DID_MAP17_LIG_0-0	PF15807	MAP17	MAP17
3DID_MAPKK1_Int_LIG_0-0	PF08923	MAPKK1_Int	MAPKK1_Int
3DID_MAPKK1_Int_LIG_1-0	PF08923	MAPKK1_Int	MAPKK1_Int
3DID_MAPKK1_Int_LIG_1-1	PF08923	MAPKK1_Int	MAPKK1_Int
3DID_MAPKK1_Int_LIG_2-0	PF08923	MAPKK1_Int	MAPKK1_Int
3DID_MATH_2_LIG_1-0	PF22486	MATH_2	MATH_2
3DID_MATH_2_LIG_1-1	PF22486	MATH_2	MATH_2
3DID_MATH_2_LIG_2-0	PF22486	MATH_2	MATH_2
3DID_MATH_2_LIG_2-13	PF22486	MATH_2	MATH_2
3DID_MATH_2_LIG_2-2	PF22486	MATH_2	MATH_2
3DID_MATH_2_LIG_2-21	PF22486	MATH_2	MATH_2
3DID_MATH_2_LIG_2-5	PF22486	MATH_2	MATH_2
3DID_MATH_2_LIG_2-62	PF22486	MATH_2	MATH_2
3DID_MBT_LIG_0-4	PF02820	MBT	MBT
3DID_MCU_LIG_0-0	PF04678	MCU	MCU
3DID_MCU_LIG_0-2	PF04678	MCU	MCU
3DID_MHC_II_alpha_LIG_2-0	PF00993	MHC_II_alpha	MHC_II_alpha
3DID_MHC_II_alpha_LIG_2-5	PF00993	MHC_II_alpha	MHC_II_alpha
3DID_MHC_II_alpha_LIG_2-54	PF00993	MHC_II_alpha	MHC_II_alpha
3DID_MHC_II_alpha_LIG_6-0	PF00993	MHC_II_alpha	MHC_II_alpha
3DID_MHC_II_alpha_LIG_6-16	PF00993	MHC_II_alpha	MHC_II_alpha
3DID_MHC_II_alpha_LIG_6-5	PF00993	MHC_II_alpha	MHC_II_alpha
3DID_MHC_II_beta_LIG_0-0	PF00969	MHC_II_beta	MHC_II_beta
3DID_MHC_II_beta_LIG_1-0	PF00969	MHC_II_beta	MHC_II_beta
3DID_MHC_II_beta_LIG_1-2	PF00969	MHC_II_beta	MHC_II_beta
3DID_MHC_II_beta_LIG_4-0	PF00969	MHC_II_beta	MHC_II_beta
3DID_MHC_II_beta_LIG_4-37	PF00969	MHC_II_beta	MHC_II_beta
3DID_MHC_II_beta_LIG_4-5	PF00969	MHC_II_beta	MHC_II_beta
3DID_MHC_II_beta_LIG_4-54	PF00969	MHC_II_beta	MHC_II_beta
3DID_MHC_I_LIG_14-0	PF00129	MHC_I	MHC_I
3DID_MHC_I_LIG_6-0	PF00129	MHC_I	MHC_I
3DID_MHC_I_LIG_6-1	PF00129	MHC_I	MHC_I
3DID_MIT_LIG_0-0	PF04212	MIT	MIT
3DID_MIT_LIG_0-1	PF04212	MIT	MIT
3DID_MRG_LIG_2-0	PF05712	MRG	MRG
3DID_Med18_LIG_0-0	PF09637	Med18	Med18
3DID_Med18_LIG_0-6	PF09637	Med18	Med18
3DID_Med20_LIG_0-0	PF08612	Med20	Med20
3DID_Menin_LIG_2-0	PF05053	Menin	Menin
3DID_Menin_LIG_2-3	PF05053	Menin	Menin
3DID_Menin_LIG_2-8	PF05053	Menin	Menin
3DID_Metallophos_2_LIG_2-0	PF12850	Metallophos_2	Metallophos_2
3DID_Methyltransf_PK_LIG_2-0	PF05891	Methyltransf_PK	Methyltransf_PK
3DID_MitMem_reg_LIG_12-0	PF13012	MitMem_reg	MitMem_reg
3DID_Mob1_phocein_LIG_2-0	PF03637	Mob1_phocein	Mob1_phocein
3DID_Mob1_phocein_LIG_2-1	PF03637	Mob1_phocein	Mob1_phocein
3DID_Mob1_phocein_LIG_3-0	PF03637	Mob1_phocein	Mob1_phocein
3DID_Mob1_phocein_LIG_3-1	PF03637	Mob1_phocein	Mob1_phocein
3DID_Mob1_phocein_LIG_3-13	PF03637	Mob1_phocein	Mob1_phocein
3DID_Mob1_phocein_LIG_3-15	PF03637	Mob1_phocein	Mob1_phocein
3DID_Mob1_phocein_LIG_3-16	PF03637	Mob1_phocein	Mob1_phocein
3DID_Mob1_phocein_LIG_3-2	PF03637	Mob1_phocein	Mob1_phocein
3DID_Mob1_phocein_LIG_8-0	PF03637	Mob1_phocein	Mob1_phocein
3DID_Mob1_phocein_LIG_8-2	PF03637	Mob1_phocein	Mob1_phocein
3DID_Molybdopterin_LIG_1-0	PF00384	Molybdopterin	Molybdopterin
3DID_MotA_ExbB_LIG_0-0	PF01618	MotA_ExbB	MotA_ExbB
3DID_MotA_ExbB_LIG_0-1	PF01618	MotA_ExbB	MotA_ExbB
3DID_MotA_ExbB_LIG_1-0	PF01618	MotA_ExbB	MotA_ExbB
3DID_MotA_ExbB_LIG_1-2	PF01618	MotA_ExbB	MotA_ExbB
3DID_MotA_ExbB_LIG_3-0	PF01618	MotA_ExbB	MotA_ExbB
3DID_MotA_ExbB_LIG_3-1	PF01618	MotA_ExbB	MotA_ExbB
3DID_MotA_ExbB_LIG_3-2	PF01618	MotA_ExbB	MotA_ExbB
3DID_Motile_Sperm_LIG_2-0	PF00635	Motile_Sperm	Motile_Sperm
3DID_Motile_Sperm_LIG_2-2	PF00635	Motile_Sperm	Motile_Sperm
3DID_Motile_Sperm_LIG_2-4	PF00635	Motile_Sperm	Motile_Sperm
3DID_Mt_ATP-synt_B_LIG_0-0	PF05405	Mt_ATP-synt_B	Mt_ATP-synt_B
3DID_NADH-G_4Fe-4S_3_LIG_2-0	PF10588	NADH-G_4Fe-4S_3	NADH-G_4Fe-4S_3
3DID_NADH-G_4Fe-4S_3_LIG_2-3	PF10588	NADH-G_4Fe-4S_3	NADH-G_4Fe-4S_3
3DID_NADH-G_4Fe-4S_3_LIG_2-53	PF10588	NADH-G_4Fe-4S_3	NADH-G_4Fe-4S_3
3DID_NADHdh_LIG_14-0	PF00146	NADHdh	NADHdh
3DID_NADHdh_LIG_14-1	PF00146	NADHdh	NADHdh
3DID_NADHdh_LIG_3-0	PF00146	NADHdh	NADHdh
3DID_NADHdh_LIG_3-1	PF00146	NADHdh	NADHdh
3DID_NAGidase_LIG_0-0	PF07555	NAGidase	NAGidase
3DID_NAGidase_LIG_0-11	PF07555	NAGidase	NAGidase
3DID_NAGidase_LIG_0-3	PF07555	NAGidase	NAGidase
3DID_NAGidase_LIG_2-0	PF07555	NAGidase	NAGidase
3DID_NDUFA12_LIG_0-0	PF05071	NDUFA12	NDUFA12
3DID_NDUFA12_LIG_0-2	PF05071	NDUFA12	NDUFA12
3DID_NDUFA12_LIG_0-3	PF05071	NDUFA12	NDUFA12
3DID_NDUFB10_LIG_3-0	PF10249	NDUFB10	NDUFB10
3DID_NDUF_B5_LIG_2-0	PF09781	NDUF_B5	NDUF_B5
3DID_NDUF_B5_LIG_2-1	PF09781	NDUF_B5	NDUF_B5
3DID_NDUF_B7_LIG_3-0	PF05676	NDUF_B7	NDUF_B7
3DID_NDUF_C2_LIG_0-0	PF06374	NDUF_C2	NDUF_C2
3DID_NDUF_C2_LIG_0-72	PF06374	NDUF_C2	NDUF_C2
3DID_NDUF_C2_LIG_0-73	PF06374	NDUF_C2	NDUF_C2
3DID_NDUS4_LIG_1-0	PF04800	NDUS4	NDUS4
3DID_NEMO_LIG_0-0	PF11577	NEMO	NEMO
3DID_NEMO_LIG_0-1	PF11577	NEMO	NEMO
3DID_NEMO_LIG_0-4	PF11577	NEMO	NEMO
3DID_NIF_LIG_0-0	PF03031	NIF	NIF
3DID_NIF_LIG_0-1	PF03031	NIF	NIF
3DID_NIF_LIG_0-2	PF03031	NIF	NIF
3DID_NMT_C_LIG_1-0	PF02799	NMT_C	NMT_C
3DID_NMT_C_LIG_2-0	PF02799	NMT_C	NMT_C
3DID_NMT_LIG_1-0	PF01233	NMT	NMT
3DID_NO_synthase_LIG_0-0	PF02898	NO_synthase	NO_synthase
3DID_NTF2_LIG_0-0	PF02136	NTF2	NTF2
3DID_NTF2_LIG_0-1	PF02136	NTF2	NTF2
3DID_NTF2_LIG_0-3	PF02136	NTF2	NTF2
3DID_NTF2_LIG_0-4	PF02136	NTF2	NTF2
3DID_NTF2_LIG_2-0	PF02136	NTF2	NTF2
3DID_NTF2_LIG_2-2	PF02136	NTF2	NTF2
3DID_Ndufs5_LIG_1-0	PF10200	Ndufs5	Ndufs5
3DID_Neur_chan_LBD_LIG_4-0	PF02931	Neur_chan_LBD	Neur_chan_LBD
3DID_Neur_chan_LBD_LIG_4-1	PF02931	Neur_chan_LBD	Neur_chan_LBD
3DID_Neur_chan_LBD_LIG_4-2	PF02931	Neur_chan_LBD	Neur_chan_LBD
3DID_Neur_chan_LBD_LIG_4-3	PF02931	Neur_chan_LBD	Neur_chan_LBD
3DID_Neur_chan_LBD_LIG_4-5	PF02931	Neur_chan_LBD	Neur_chan_LBD
3DID_NifU_N_LIG_5-0	PF01592	NifU_N	NifU_N
3DID_NifU_N_LIG_5-1	PF01592	NifU_N	NifU_N
3DID_NmrA_LIG_3-0	PF05368	NmrA	NmrA
3DID_Nop16_LIG_3-0	PF09420	Nop16	Nop16
3DID_Nop52_LIG_0-0	PF05997	Nop52	Nop52
3DID_Nop52_LIG_0-1	PF05997	Nop52	Nop52
3DID_ORC2_LIG_1-0	PF04084	ORC2	ORC2
3DID_ORMDL_LIG_0-0	PF04061	ORMDL	ORMDL
3DID_ORMDL_LIG_0-3	PF04061	ORMDL	ORMDL
3DID_ORMDL_LIG_1-0	PF04061	ORMDL	ORMDL
3DID_OSCP_LIG_1-0	PF00213	OSCP	OSCP
3DID_OSCP_LIG_1-1	PF00213	OSCP	OSCP
3DID_OSCP_LIG_10-0	PF00213	OSCP	OSCP
3DID_OSCP_LIG_10-2	PF00213	OSCP	OSCP
3DID_OSCP_LIG_10-3	PF00213	OSCP	OSCP
3DID_OSCP_LIG_5-0	PF00213	OSCP	OSCP
3DID_PABP_LIG_0-0	PF00658	PABP	PABP
3DID_PABP_LIG_1-0	PF00658	PABP	PABP
3DID_PAC2_LIG_0-0	PF09754	PAC2	PAC2
3DID_PAH_LIG_0-0	PF02671	PAH	PAH
3DID_PAN_1_LIG_0-0	PF00024	PAN_1	PAN_1
3DID_PAN_1_LIG_0-4	PF00024	PAN_1	PAN_1
3DID_PAN_1_LIG_0-5	PF00024	PAN_1	PAN_1
3DID_PAN_1_LIG_0-8	PF00024	PAN_1	PAN_1
3DID_PCI_LIG_2-0	PF01399	PCI	PCI
3DID_PCI_LIG_2-1	PF01399	PCI	PCI
3DID_PCI_LIG_4-0	PF01399	PCI	PCI
3DID_PCNA_C_LIG_0-0	PF02747	PCNA_C	PCNA_C
3DID_PCNA_C_LIG_0-1	PF02747	PCNA_C	PCNA_C
3DID_PCNA_C_LIG_0-12	PF02747	PCNA_C	PCNA_C
3DID_PCNA_C_LIG_0-19	PF02747	PCNA_C	PCNA_C
3DID_PCNA_C_LIG_0-2	PF02747	PCNA_C	PCNA_C
3DID_PCNA_C_LIG_0-27	PF02747	PCNA_C	PCNA_C
3DID_PCNA_C_LIG_0-4	PF02747	PCNA_C	PCNA_C
3DID_PCNA_C_LIG_0-5	PF02747	PCNA_C	PCNA_C
3DID_PCNA_C_LIG_0-7	PF02747	PCNA_C	PCNA_C
3DID_PCNA_N_LIG_0-0	PF00705	PCNA_N	PCNA_N
3DID_PCNA_N_LIG_0-1	PF00705	PCNA_N	PCNA_N
3DID_PCNA_N_LIG_0-10	PF00705	PCNA_N	PCNA_N
3DID_PCNA_N_LIG_0-22	PF00705	PCNA_N	PCNA_N
3DID_PCNA_N_LIG_0-4	PF00705	PCNA_N	PCNA_N
3DID_PCNA_N_LIG_0-6	PF00705	PCNA_N	PCNA_N
3DID_PCNA_N_LIG_0-7	PF00705	PCNA_N	PCNA_N
3DID_PCNA_N_LIG_8-0	PF00705	PCNA_N	PCNA_N
3DID_PCNA_N_LIG_8-1	PF00705	PCNA_N	PCNA_N
3DID_PCNA_N_LIG_8-18	PF00705	PCNA_N	PCNA_N
3DID_PCNA_N_LIG_8-2	PF00705	PCNA_N	PCNA_N
3DID_PCNA_N_LIG_8-3	PF00705	PCNA_N	PCNA_N
3DID_PDZ_6_LIG_0-0	PF17820	PDZ_6	PDZ_6
3DID_PDZ_LIG_0-0	PF00595	PDZ	PDZ
3DID_PDZ_LIG_0-1	PF00595	PDZ	PDZ
3DID_PDZ_LIG_0-15	PF00595	PDZ	PDZ
3DID_PDZ_LIG_0-17	PF00595	PDZ	PDZ
3DID_PDZ_LIG_0-18	PF00595	PDZ	PDZ
3DID_PDZ_LIG_0-19	PF00595	PDZ	PDZ
3DID_PDZ_LIG_0-2	PF00595	PDZ	PDZ
3DID_PDZ_LIG_0-27	PF00595	PDZ	PDZ
3DID_PDZ_LIG_0-28	PF00595	PDZ	PDZ
3DID_PDZ_LIG_0-3	PF00595	PDZ	PDZ
3DID_PDZ_LIG_0-37	PF00595	PDZ	PDZ
3DID_PDZ_LIG_0-42	PF00595	PDZ	PDZ
3DID_PDZ_LIG_0-49	PF00595	PDZ	PDZ
3DID_PDZ_LIG_0-52	PF00595	PDZ	PDZ
3DID_PDZ_LIG_0-53	PF00595	PDZ	PDZ
3DID_PDZ_LIG_0-68	PF00595	PDZ	PDZ
3DID_PDZ_LIG_0-69	PF00595	PDZ	PDZ
3DID_PDZ_LIG_0-8	PF00595	PDZ	PDZ
3DID_PDZ_LIG_10-0	PF00595	PDZ	PDZ
3DID_PDZ_LIG_3-0	PF00595	PDZ	PDZ
3DID_PDZ_LIG_3-1	PF00595	PDZ	PDZ
3DID_PDZ_LIG_3-6	PF00595	PDZ	PDZ
3DID_PDZ_LIG_4-0	PF00595	PDZ	PDZ
3DID_PDZ_LIG_4-1	PF00595	PDZ	PDZ
3DID_PDZ_LIG_4-11	PF00595	PDZ	PDZ
3DID_PDZ_LIG_4-14	PF00595	PDZ	PDZ
3DID_PDZ_LIG_4-16	PF00595	PDZ	PDZ
3DID_PDZ_LIG_4-4	PF00595	PDZ	PDZ
3DID_PDZ_LIG_4-6	PF00595	PDZ	PDZ
3DID_PDZ_LIG_4-7	PF00595	PDZ	PDZ
3DID_PDZ_LIG_4-9	PF00595	PDZ	PDZ
3DID_PDZ_LIG_8-0	PF00595	PDZ	PDZ
3DID_PDZ_LIG_8-10	PF00595	PDZ	PDZ
3DID_PDZ_LIG_8-24	PF00595	PDZ	PDZ
3DID_PDZ_LIG_8-27	PF00595	PDZ	PDZ
3DID_PDZ_LIG_8-3	PF00595	PDZ	PDZ
3DID_PDZ_LIG_8-32	PF00595	PDZ	PDZ
3DID_PHD-1st_NSD_LIG_0-0	PF23011	PHD-1st_NSD	PHD-1st_NSD
3DID_PHD-1st_NSD_LIG_0-3	PF23011	PHD-1st_NSD	PHD-1st_NSD
3DID_PHD_LIG_0-0	PF00628	PHD	PHD
3DID_PHD_LIG_0-1	PF00628	PHD	PHD
3DID_PHD_LIG_0-46	PF00628	PHD	PHD
3DID_PHD_LIG_0-7	PF00628	PHD	PHD
3DID_PHD_LIG_1-0	PF00628	PHD	PHD
3DID_PHD_LIG_1-1	PF00628	PHD	PHD
3DID_PHD_LIG_1-3	PF00628	PHD	PHD
3DID_PHD_LIG_1-5	PF00628	PHD	PHD
3DID_PHD_LIG_2-0	PF00628	PHD	PHD
3DID_PHD_LIG_2-1	PF00628	PHD	PHD
3DID_PHD_LIG_2-12	PF00628	PHD	PHD
3DID_PHD_LIG_2-2	PF00628	PHD	PHD
3DID_PHD_LIG_2-22	PF00628	PHD	PHD
3DID_PHD_LIG_2-38	PF00628	PHD	PHD
3DID_PHD_LIG_2-6	PF00628	PHD	PHD
3DID_PHD_LIG_3-0	PF00628	PHD	PHD
3DID_PHD_LIG_3-1	PF00628	PHD	PHD
3DID_PHD_LIG_6-0	PF00628	PHD	PHD
3DID_PHD_LIG_6-1	PF00628	PHD	PHD
3DID_PHD_LIG_6-2	PF00628	PHD	PHD
3DID_PHD_LIG_6-24	PF00628	PHD	PHD
3DID_PHD_LIG_6-6	PF00628	PHD	PHD
3DID_PH_TFIIH_LIG_0-0	PF08567	PH_TFIIH	PH_TFIIH
3DID_PH_TFIIH_LIG_0-1	PF08567	PH_TFIIH	PH_TFIIH
3DID_PID_LIG_0-0	PF00640	PID	PID
3DID_PID_LIG_1-0	PF00640	PID	PID
3DID_PID_LIG_1-1	PF00640	PID	PID
3DID_PID_LIG_1-10	PF00640	PID	PID
3DID_PID_LIG_1-2	PF00640	PID	PID
3DID_PK_Tyr_Ser-Thr_LIG_2-0	PF07714	PK_Tyr_Ser-Thr	PK_Tyr_Ser-Thr
3DID_PK_Tyr_Ser-Thr_LIG_6-0	PF07714	PK_Tyr_Ser-Thr	PK_Tyr_Ser-Thr
3DID_PK_Tyr_Ser-Thr_LIG_6-1	PF07714	PK_Tyr_Ser-Thr	PK_Tyr_Ser-Thr
3DID_PP-binding_LIG_1-0	PF00550	PP-binding	PP-binding
3DID_PRMT5_TIM_LIG_0-0	PF17285	PRMT5_TIM	PRMT5_TIM
3DID_PRMT5_TIM_LIG_0-1	PF17285	PRMT5_TIM	PRMT5_TIM
3DID_PRMT_C_LIG_0-0	PF22528	PRMT_C	PRMT_C
3DID_PRMT_C_LIG_0-1	PF22528	PRMT_C	PRMT_C
3DID_PRMT_C_LIG_0-2	PF22528	PRMT_C	PRMT_C
3DID_PTCB-BRCT_LIG_0-0	PF12738	PTCB-BRCT	PTCB-BRCT
3DID_PWWP_LIG_0-0	PF00855	PWWP	PWWP
3DID_PWWP_LIG_0-1	PF00855	PWWP	PWWP
3DID_PWWP_LIG_0-23	PF00855	PWWP	PWWP
3DID_PWWP_LIG_0-42	PF00855	PWWP	PWWP
3DID_PWWP_LIG_0-8	PF00855	PWWP	PWWP
3DID_PWWP_LIG_2-0	PF00855	PWWP	PWWP
3DID_PWWP_LIG_2-13	PF00855	PWWP	PWWP
3DID_Paf1_LIG_0-0	PF03985	Paf1	Paf1
3DID_Paf1_LIG_0-1	PF03985	Paf1	Paf1
3DID_Paf1_LIG_0-4	PF03985	Paf1	Paf1
3DID_Peptidase_C14_LIG_1-1	PF00656	Peptidase_C14	Peptidase_C14
3DID_Peptidase_C14_LIG_1-6	PF00656	Peptidase_C14	Peptidase_C14
3DID_Peptidase_C14_LIG_10-0	PF00656	Peptidase_C14	Peptidase_C14
3DID_Peptidase_C14_LIG_10-1	PF00656	Peptidase_C14	Peptidase_C14
3DID_Peptidase_C14_LIG_10-2	PF00656	Peptidase_C14	Peptidase_C14
3DID_Peptidase_C14_LIG_10-4	PF00656	Peptidase_C14	Peptidase_C14
3DID_Peptidase_C14_LIG_2-0	PF00656	Peptidase_C14	Peptidase_C14
3DID_Peptidase_C14_LIG_2-1	PF00656	Peptidase_C14	Peptidase_C14
3DID_Peptidase_C14_LIG_4-0	PF00656	Peptidase_C14	Peptidase_C14
3DID_Peptidase_C14_LIG_5-0	PF00656	Peptidase_C14	Peptidase_C14
3DID_Peptidase_C14_LIG_5-1	PF00656	Peptidase_C14	Peptidase_C14
3DID_Peptidase_C14_LIG_9-0	PF00656	Peptidase_C14	Peptidase_C14
3DID_Peptidase_M10_LIG_1-0	PF00413	Peptidase_M10	Peptidase_M10
3DID_Peptidase_M10_LIG_1-1	PF00413	Peptidase_M10	Peptidase_M10
3DID_Peptidase_M16_C_LIG_2-0	PF05193	Peptidase_M16_C	Peptidase_M16_C
3DID_Peptidase_M16_C_LIG_5-0	PF05193	Peptidase_M16_C	Peptidase_M16_C
3DID_Peptidase_M16_LIG_2-0	PF00675	Peptidase_M16	Peptidase_M16
3DID_Peptidase_M16_LIG_2-1	PF00675	Peptidase_M16	Peptidase_M16
3DID_Peptidase_M16_LIG_2-13	PF00675	Peptidase_M16	Peptidase_M16
3DID_Peptidase_M16_LIG_2-21	PF00675	Peptidase_M16	Peptidase_M16
3DID_Peptidase_M16_LIG_2-6	PF00675	Peptidase_M16	Peptidase_M16
3DID_Peptidase_M16_LIG_2-7	PF00675	Peptidase_M16	Peptidase_M16
3DID_Peptidase_M1_LIG_1-0	PF01433	Peptidase_M1	Peptidase_M1
3DID_Peptidase_M1_LIG_1-3	PF01433	Peptidase_M1	Peptidase_M1
3DID_Peptidase_M2_LIG_2-0	PF01401	Peptidase_M2	Peptidase_M2
3DID_Peptidase_S8_LIG_6-0	PF00082	Peptidase_S8	Peptidase_S8
3DID_Peptidase_S8_LIG_6-1	PF00082	Peptidase_S8	Peptidase_S8
3DID_Pkinase_LIG_0-0	PF00069	Pkinase	Pkinase
3DID_Pkinase_LIG_0-1	PF00069	Pkinase	Pkinase
3DID_Pkinase_LIG_0-6	PF00069	Pkinase	Pkinase
3DID_Pkinase_LIG_0-7	PF00069	Pkinase	Pkinase
3DID_Pkinase_LIG_1-0	PF00069	Pkinase	Pkinase
3DID_Pkinase_LIG_1-2	PF00069	Pkinase	Pkinase
3DID_Pkinase_LIG_1-28	PF00069	Pkinase	Pkinase
3DID_Pkinase_LIG_1-29	PF00069	Pkinase	Pkinase
3DID_Pkinase_LIG_11-0	PF00069	Pkinase	Pkinase
3DID_Pkinase_LIG_11-10	PF00069	Pkinase	Pkinase
3DID_Pkinase_LIG_11-18	PF00069	Pkinase	Pkinase
3DID_Pkinase_LIG_11-48	PF00069	Pkinase	Pkinase
3DID_Pkinase_LIG_11-5	PF00069	Pkinase	Pkinase
3DID_Pkinase_LIG_18-0	PF00069	Pkinase	Pkinase
3DID_Pkinase_LIG_18-2	PF00069	Pkinase	Pkinase
3DID_Pkinase_LIG_18-3	PF00069	Pkinase	Pkinase
3DID_Pkinase_LIG_19-0	PF00069	Pkinase	Pkinase
3DID_Pkinase_LIG_19-7	PF00069	Pkinase	Pkinase
3DID_Pkinase_LIG_20-0	PF00069	Pkinase	Pkinase
3DID_Pkinase_LIG_20-2	PF00069	Pkinase	Pkinase
3DID_Pkinase_LIG_5-0	PF00069	Pkinase	Pkinase
3DID_Pkinase_LIG_5-11	PF00069	Pkinase	Pkinase
3DID_Pkinase_LIG_5-15	PF00069	Pkinase	Pkinase
3DID_Pkinase_LIG_5-28	PF00069	Pkinase	Pkinase
3DID_Pkinase_LIG_5-34	PF00069	Pkinase	Pkinase
3DID_Pkinase_LIG_5-4	PF00069	Pkinase	Pkinase
3DID_Pkinase_LIG_5-6	PF00069	Pkinase	Pkinase
3DID_Pkinase_LIG_5-8	PF00069	Pkinase	Pkinase
3DID_Pkinase_LIG_7-0	PF00069	Pkinase	Pkinase
3DID_Pkinase_LIG_7-2	PF00069	Pkinase	Pkinase
3DID_Pkinase_LIG_7-3	PF00069	Pkinase	Pkinase
3DID_Pkinase_LIG_7-8	PF00069	Pkinase	Pkinase
3DID_Pkinase_LIG_9-0	PF00069	Pkinase	Pkinase
3DID_Pkinase_LIG_9-1	PF00069	Pkinase	Pkinase
3DID_Pkinase_LIG_9-2	PF00069	Pkinase	Pkinase
3DID_Pkinase_LIG_9-3	PF00069	Pkinase	Pkinase
3DID_Pkinase_LIG_9-4	PF00069	Pkinase	Pkinase
3DID_Porin_3_LIG_2-0	PF01459	Porin_3	Porin_3
3DID_PqqF-like_C_4_LIG_0-0	PF22456	PqqF-like_C_4	PqqF-like_C_4
3DID_PqqF-like_C_4_LIG_0-1	PF22456	PqqF-like_C_4	PqqF-like_C_4
3DID_PrmA_LIG_0-0	PF06325	PrmA	PrmA
3DID_Pro_isomerase_LIG_1-0	PF00160	Pro_isomerase	Pro_isomerase
3DID_Pro_isomerase_LIG_2-0	PF00160	Pro_isomerase	Pro_isomerase
3DID_Profilin_LIG_0-0	PF00235	Profilin	Profilin
3DID_Profilin_LIG_0-2	PF00235	Profilin	Profilin
3DID_Profilin_LIG_0-4	PF00235	Profilin	Profilin
3DID_Profilin_LIG_0-65	PF00235	Profilin	Profilin
3DID_Proteasome_A_N_LIG_1-0	PF10584	Proteasome_A_N	Proteasome_A_N
3DID_Proteasome_A_N_LIG_2-0	PF10584	Proteasome_A_N	Proteasome_A_N
3DID_Proteasome_A_N_LIG_2-1	PF10584	Proteasome_A_N	Proteasome_A_N
3DID_Proteasome_A_N_LIG_3-0	PF10584	Proteasome_A_N	Proteasome_A_N
3DID_Proteasome_A_N_LIG_3-1	PF10584	Proteasome_A_N	Proteasome_A_N
3DID_Proteasome_A_N_LIG_5-0	PF10584	Proteasome_A_N	Proteasome_A_N
3DID_Proteasome_A_N_LIG_5-1	PF10584	Proteasome_A_N	Proteasome_A_N
3DID_Proteasome_A_N_LIG_6-0	PF10584	Proteasome_A_N	Proteasome_A_N
3DID_Proteasome_A_N_LIG_6-19	PF10584	Proteasome_A_N	Proteasome_A_N
3DID_Proteasome_A_N_LIG_6-9	PF10584	Proteasome_A_N	Proteasome_A_N
3DID_Proteasome_LIG_15-0	PF00227	Proteasome	Proteasome
3DID_Proteasome_LIG_17-0	PF00227	Proteasome	Proteasome
3DID_Proteasome_LIG_17-3	PF00227	Proteasome	Proteasome
3DID_Proteasome_LIG_18-0	PF00227	Proteasome	Proteasome
3DID_Proteasome_LIG_18-4	PF00227	Proteasome	Proteasome
3DID_Proteasome_LIG_7-0	PF00227	Proteasome	Proteasome
3DID_Proteasome_LIG_7-2	PF00227	Proteasome	Proteasome
3DID_Proton_antipo_M_LIG_1-0	PF00361	Proton_antipo_M	Proton_antipo_M
3DID_RB_B_LIG_0-0	PF01857	RB_B	RB_B
3DID_RCC1_LIG_0-0	PF00415	RCC1	RCC1
3DID_RNA_pol_A_CTD_LIG_2-0	PF03118	RNA_pol_A_CTD	RNA_pol_A_CTD
3DID_RNA_pol_L_LIG_1-0	PF01193	RNA_pol_L	RNA_pol_L
3DID_RNA_pol_L_LIG_1-1	PF01193	RNA_pol_L	RNA_pol_L
3DID_RNA_pol_L_LIG_1-2	PF01193	RNA_pol_L	RNA_pol_L
3DID_RNA_pol_L_LIG_1-5	PF01193	RNA_pol_L	RNA_pol_L
3DID_RNA_pol_L_LIG_5-0	PF01193	RNA_pol_L	RNA_pol_L
3DID_RNA_pol_L_LIG_5-3	PF01193	RNA_pol_L	RNA_pol_L
3DID_RNA_pol_Rpb1_1_LIG_3-0	PF04997	RNA_pol_Rpb1_1	RNA_pol_Rpb1_1
3DID_RNA_pol_Rpb1_1_LIG_3-1	PF04997	RNA_pol_Rpb1_1	RNA_pol_Rpb1_1
3DID_RNA_pol_Rpb1_1_LIG_3-2	PF04997	RNA_pol_Rpb1_1	RNA_pol_Rpb1_1
3DID_RNA_pol_Rpb1_1_LIG_3-6	PF04997	RNA_pol_Rpb1_1	RNA_pol_Rpb1_1
3DID_RNA_pol_Rpb1_1_LIG_5-0	PF04997	RNA_pol_Rpb1_1	RNA_pol_Rpb1_1
3DID_RNA_pol_Rpb1_1_LIG_5-1	PF04997	RNA_pol_Rpb1_1	RNA_pol_Rpb1_1
3DID_RNA_pol_Rpb1_1_LIG_5-8	PF04997	RNA_pol_Rpb1_1	RNA_pol_Rpb1_1
3DID_RNA_pol_Rpb1_1_LIG_6-0	PF04997	RNA_pol_Rpb1_1	RNA_pol_Rpb1_1
3DID_RNA_pol_Rpb1_1_LIG_9-0	PF04997	RNA_pol_Rpb1_1	RNA_pol_Rpb1_1
3DID_RNA_pol_Rpb1_1_LIG_9-6	PF04997	RNA_pol_Rpb1_1	RNA_pol_Rpb1_1
3DID_RNA_pol_Rpb1_3_LIG_0-0	PF04983	RNA_pol_Rpb1_3	RNA_pol_Rpb1_3
3DID_RNA_pol_Rpb1_5_LIG_3-0	PF04998	RNA_pol_Rpb1_5	RNA_pol_Rpb1_5
3DID_RNA_pol_Rpb1_5_LIG_3-1	PF04998	RNA_pol_Rpb1_5	RNA_pol_Rpb1_5
3DID_RNA_pol_Rpb2_7_LIG_1-0	PF04560	RNA_pol_Rpb2_7	RNA_pol_Rpb2_7
3DID_RNA_pol_Rpb2_7_LIG_1-12	PF04560	RNA_pol_Rpb2_7	RNA_pol_Rpb2_7
3DID_RNA_pol_Rpb2_7_LIG_1-13	PF04560	RNA_pol_Rpb2_7	RNA_pol_Rpb2_7
3DID_RNA_pol_Rpb2_7_LIG_1-14	PF04560	RNA_pol_Rpb2_7	RNA_pol_Rpb2_7
3DID_RNA_pol_Rpb2_7_LIG_5-0	PF04560	RNA_pol_Rpb2_7	RNA_pol_Rpb2_7
3DID_RNA_pol_Rpb4_LIG_5-0	PF03874	RNA_pol_Rpb4	RNA_pol_Rpb4
3DID_RNA_pol_Rpb4_LIG_6-0	PF03874	RNA_pol_Rpb4	RNA_pol_Rpb4
3DID_RNA_pol_Rpb4_LIG_6-23	PF03874	RNA_pol_Rpb4	RNA_pol_Rpb4
3DID_RNA_pol_Rpb4_LIG_6-3	PF03874	RNA_pol_Rpb4	RNA_pol_Rpb4
3DID_RNA_pol_Rpb8_LIG_3-0	PF03870	RNA_pol_Rpb8	RNA_pol_Rpb8
3DID_RNA_pol_Rpb8_LIG_3-6	PF03870	RNA_pol_Rpb8	RNA_pol_Rpb8
3DID_RNase_PH_LIG_2-0	PF01138	RNase_PH	RNase_PH
3DID_RNase_PH_LIG_2-2	PF01138	RNase_PH	RNase_PH
3DID_RNase_PH_LIG_3-0	PF01138	RNase_PH	RNase_PH
3DID_RNase_PH_LIG_3-6	PF01138	RNase_PH	RNase_PH
3DID_RNase_PH_LIG_3-8	PF01138	RNase_PH	RNase_PH
3DID_RPN2_N_LIG_1-0	PF21505	RPN2_N	RPN2_N
3DID_RPN2_N_LIG_5-1	PF21505	RPN2_N	RPN2_N
3DID_RPN5_C_LIG_2-0	PF18098	RPN5_C	RPN5_C
3DID_RPN5_C_LIG_2-1	PF18098	RPN5_C	RPN5_C
3DID_RPN5_C_LIG_2-2	PF18098	RPN5_C	RPN5_C
3DID_RPN6_C_helix_LIG_2-0	PF18503	RPN6_C_helix	RPN6_C_helix
3DID_RPN6_C_helix_LIG_2-1	PF18503	RPN6_C_helix	RPN6_C_helix
3DID_RPN6_C_helix_LIG_2-2	PF18503	RPN6_C_helix	RPN6_C_helix
3DID_RPN6_C_helix_LIG_2-5	PF18503	RPN6_C_helix	RPN6_C_helix
3DID_RPN6_C_helix_LIG_2-6	PF18503	RPN6_C_helix	RPN6_C_helix
3DID_RPN6_C_helix_LIG_2-7	PF18503	RPN6_C_helix	RPN6_C_helix
3DID_RPN6_C_helix_LIG_3-0	PF18503	RPN6_C_helix	RPN6_C_helix
3DID_RPN6_C_helix_LIG_3-1	PF18503	RPN6_C_helix	RPN6_C_helix
3DID_RPN6_C_helix_LIG_3-2	PF18503	RPN6_C_helix	RPN6_C_helix
3DID_RPN6_C_helix_LIG_3-3	PF18503	RPN6_C_helix	RPN6_C_helix
3DID_RPN6_C_helix_LIG_3-6	PF18503	RPN6_C_helix	RPN6_C_helix
3DID_RPN6_C_helix_LIG_4-0	PF18503	RPN6_C_helix	RPN6_C_helix
3DID_RPN6_C_helix_LIG_4-1	PF18503	RPN6_C_helix	RPN6_C_helix
3DID_RRM_1_LIG_3-0	PF00076	RRM_1	RRM_1
3DID_RRM_1_LIG_9-0	PF00076	RRM_1	RRM_1
3DID_RRN3_LIG_0-0	PF05327	RRN3	RRN3
3DID_RRN3_LIG_0-1	PF05327	RRN3	RRN3
3DID_RRN3_LIG_0-2	PF05327	RRN3	RRN3
3DID_RTT107_BRCT_5_LIG_0-0	PF16770	RTT107_BRCT_5	RTT107_BRCT_5
3DID_RTT107_BRCT_5_LIG_0-1	PF16770	RTT107_BRCT_5	RTT107_BRCT_5
3DID_Rab5-bind_LIG_0-0	PF09311	Rab5-bind	Rab5-bind
3DID_Rab5-bind_LIG_0-1	PF09311	Rab5-bind	Rab5-bind
3DID_Rab5-bind_LIG_1-0	PF09311	Rab5-bind	Rab5-bind
3DID_Rab5-bind_LIG_1-2	PF09311	Rab5-bind	Rab5-bind
3DID_Rab5-bind_LIG_1-5	PF09311	Rab5-bind	Rab5-bind
3DID_Rad51_LIG_1-0	PF08423	Rad51	Rad51
3DID_Rad51_LIG_1-8	PF08423	Rad51	Rad51
3DID_Rad60-SLD_LIG_0-0	PF11976	Rad60-SLD	Rad60-SLD
3DID_Rad60-SLD_LIG_0-4	PF11976	Rad60-SLD	Rad60-SLD
3DID_Rad60-SLD_LIG_0-6	PF11976	Rad60-SLD	Rad60-SLD
3DID_Ras_LIG_1-0	PF00071	Ras	Ras
3DID_Ras_LIG_2-0	PF00071	Ras	Ras
3DID_Ras_LIG_6-0	PF00071	Ras	Ras
3DID_Ras_LIG_6-3	PF00071	Ras	Ras
3DID_Recep_L_domain_LIG_0-0	PF01030	Recep_L_domain	Recep_L_domain
3DID_Recep_L_domain_LIG_0-1	PF01030	Recep_L_domain	Recep_L_domain
3DID_Recep_L_domain_LIG_0-3	PF01030	Recep_L_domain	Recep_L_domain
3DID_Recep_L_domain_LIG_1-0	PF01030	Recep_L_domain	Recep_L_domain
3DID_ResIII_LIG_2-0	PF04851	ResIII	ResIII
3DID_Response_reg_LIG_1-0	PF00072	Response_reg	Response_reg
3DID_Ribonuc_red_lgC_LIG_2-0	PF02867	Ribonuc_red_lgC	Ribonuc_red_lgC
3DID_Ribonuc_red_lgC_LIG_2-1	PF02867	Ribonuc_red_lgC	Ribonuc_red_lgC
3DID_Ribonucleas_3_3_LIG_1-0	PF14622	Ribonucleas_3_3	Ribonucleas_3_3
3DID_Ribophorin_II_LIG_1-0	PF05817	Ribophorin_II	Ribophorin_II
3DID_Ribosomal_L13e_LIG_1-0	PF01294	Ribosomal_L13e	Ribosomal_L13e
3DID_Ribosomal_L13e_LIG_1-1	PF01294	Ribosomal_L13e	Ribosomal_L13e
3DID_Ribosomal_L13e_LIG_1-10	PF01294	Ribosomal_L13e	Ribosomal_L13e
3DID_Ribosomal_L13e_LIG_1-12	PF01294	Ribosomal_L13e	Ribosomal_L13e
3DID_Ribosomal_L13e_LIG_1-18	PF01294	Ribosomal_L13e	Ribosomal_L13e
3DID_Ribosomal_L13e_LIG_1-2	PF01294	Ribosomal_L13e	Ribosomal_L13e
3DID_Ribosomal_L13e_LIG_1-23	PF01294	Ribosomal_L13e	Ribosomal_L13e
3DID_Ribosomal_L13e_LIG_1-24	PF01294	Ribosomal_L13e	Ribosomal_L13e
3DID_Ribosomal_L13e_LIG_1-25	PF01294	Ribosomal_L13e	Ribosomal_L13e
3DID_Ribosomal_L13e_LIG_1-3	PF01294	Ribosomal_L13e	Ribosomal_L13e
3DID_Ribosomal_L13e_LIG_1-4	PF01294	Ribosomal_L13e	Ribosomal_L13e
3DID_Ribosomal_L13e_LIG_1-5	PF01294	Ribosomal_L13e	Ribosomal_L13e
3DID_Ribosomal_L13e_LIG_1-7	PF01294	Ribosomal_L13e	Ribosomal_L13e
3DID_Ribosomal_L13e_LIG_4-0	PF01294	Ribosomal_L13e	Ribosomal_L13e
3DID_Ribosomal_L13e_LIG_4-33	PF01294	Ribosomal_L13e	Ribosomal_L13e
3DID_Ribosomal_L13e_LIG_4-4	PF01294	Ribosomal_L13e	Ribosomal_L13e
3DID_Ribosomal_L13e_LIG_4-6	PF01294	Ribosomal_L13e	Ribosomal_L13e
3DID_Ribosomal_L13e_LIG_4-60	PF01294	Ribosomal_L13e	Ribosomal_L13e
3DID_Ribosomal_L13e_LIG_4-62	PF01294	Ribosomal_L13e	Ribosomal_L13e
3DID_Ribosomal_L13e_LIG_4-66	PF01294	Ribosomal_L13e	Ribosomal_L13e
3DID_Ribosomal_L13e_LIG_4-71	PF01294	Ribosomal_L13e	Ribosomal_L13e
3DID_Ribosomal_L13e_LIG_4-79	PF01294	Ribosomal_L13e	Ribosomal_L13e
3DID_Ribosomal_L13e_LIG_4-8	PF01294	Ribosomal_L13e	Ribosomal_L13e
3DID_Ribosomal_L13e_LIG_4-9	PF01294	Ribosomal_L13e	Ribosomal_L13e
3DID_Ribosomal_L17_LIG_1-0	PF01196	Ribosomal_L17	Ribosomal_L17
3DID_Ribosomal_L17_LIG_1-1	PF01196	Ribosomal_L17	Ribosomal_L17
3DID_Ribosomal_L17_LIG_1-19	PF01196	Ribosomal_L17	Ribosomal_L17
3DID_Ribosomal_L17_LIG_1-4	PF01196	Ribosomal_L17	Ribosomal_L17
3DID_Ribosomal_L17_LIG_1-49	PF01196	Ribosomal_L17	Ribosomal_L17
3DID_Ribosomal_L18A_LIG_16-0	PF01775	Ribosomal_L18A	Ribosomal_L18A
3DID_Ribosomal_L19_LIG_2-0	PF01245	Ribosomal_L19	Ribosomal_L19
3DID_Ribosomal_L19_LIG_2-2	PF01245	Ribosomal_L19	Ribosomal_L19
3DID_Ribosomal_L23eN_LIG_1-0	PF03939	Ribosomal_L23eN	Ribosomal_L23eN
3DID_Ribosomal_L23eN_LIG_1-13	PF03939	Ribosomal_L23eN	Ribosomal_L23eN
3DID_Ribosomal_L23eN_LIG_1-20	PF03939	Ribosomal_L23eN	Ribosomal_L23eN
3DID_Ribosomal_L23eN_LIG_1-26	PF03939	Ribosomal_L23eN	Ribosomal_L23eN
3DID_Ribosomal_L23eN_LIG_1-3	PF03939	Ribosomal_L23eN	Ribosomal_L23eN
3DID_Ribosomal_L23eN_LIG_1-34	PF03939	Ribosomal_L23eN	Ribosomal_L23eN
3DID_Ribosomal_L23eN_LIG_1-5	PF03939	Ribosomal_L23eN	Ribosomal_L23eN
3DID_Ribosomal_L23eN_LIG_1-6	PF03939	Ribosomal_L23eN	Ribosomal_L23eN
3DID_Ribosomal_L27e_LIG_1-0	PF01777	Ribosomal_L27e	Ribosomal_L27e
3DID_Ribosomal_L27e_LIG_1-38	PF01777	Ribosomal_L27e	Ribosomal_L27e
3DID_Ribosomal_L28e_LIG_2-0	PF01778	Ribosomal_L28e	Ribosomal_L28e
3DID_Ribosomal_L2_LIG_1-0	PF00181	Ribosomal_L2	Ribosomal_L2
3DID_Ribosomal_L2_LIG_1-2	PF00181	Ribosomal_L2	Ribosomal_L2
3DID_Ribosomal_L2_LIG_1-3	PF00181	Ribosomal_L2	Ribosomal_L2
3DID_Ribosomal_L2_LIG_10-0	PF00181	Ribosomal_L2	Ribosomal_L2
3DID_Ribosomal_L30_N_LIG_1-0	PF08079	Ribosomal_L30_N	Ribosomal_L30_N
3DID_Ribosomal_L30_N_LIG_1-1	PF08079	Ribosomal_L30_N	Ribosomal_L30_N
3DID_Ribosomal_L4_LIG_2-0	PF00573	Ribosomal_L4	Ribosomal_L4
3DID_Ribosomal_L4_LIG_2-1	PF00573	Ribosomal_L4	Ribosomal_L4
3DID_Ribosomal_L4_LIG_2-3	PF00573	Ribosomal_L4	Ribosomal_L4
3DID_Ribosomal_L4_LIG_2-7	PF00573	Ribosomal_L4	Ribosomal_L4
3DID_Ribosomal_S11_LIG_1-0	PF00411	Ribosomal_S11	Ribosomal_S11
3DID_Ribosomal_S11_LIG_1-1	PF00411	Ribosomal_S11	Ribosomal_S11
3DID_Ribosomal_S14_LIG_2-0	PF00253	Ribosomal_S14	Ribosomal_S14
3DID_Ribosomal_S14_LIG_2-1	PF00253	Ribosomal_S14	Ribosomal_S14
3DID_Ribosomal_S14_LIG_5-0	PF00253	Ribosomal_S14	Ribosomal_S14
3DID_Ribosomal_S15_LIG_0-0	PF00312	Ribosomal_S15	Ribosomal_S15
3DID_Ribosomal_S17e_LIG_2-0	PF00833	Ribosomal_S17e	Ribosomal_S17e
3DID_Ribosomal_S21e_LIG_0-0	PF01249	Ribosomal_S21e	Ribosomal_S21e
3DID_Ribosomal_S21e_LIG_0-2	PF01249	Ribosomal_S21e	Ribosomal_S21e
3DID_Ribosomal_S21e_LIG_0-20	PF01249	Ribosomal_S21e	Ribosomal_S21e
3DID_Ribosomal_S21e_LIG_0-7	PF01249	Ribosomal_S21e	Ribosomal_S21e
3DID_Ribosomal_S21e_LIG_1-0	PF01249	Ribosomal_S21e	Ribosomal_S21e
3DID_Ribosomal_S21e_LIG_1-2	PF01249	Ribosomal_S21e	Ribosomal_S21e
3DID_Ribosomal_S21e_LIG_1-7	PF01249	Ribosomal_S21e	Ribosomal_S21e
3DID_Ribosomal_S25_LIG_0-0	PF03297	Ribosomal_S25	Ribosomal_S25
3DID_Ribosomal_S25_LIG_0-1	PF03297	Ribosomal_S25	Ribosomal_S25
3DID_Ribosomal_S25_LIG_0-6	PF03297	Ribosomal_S25	Ribosomal_S25
3DID_Ribosomal_S25_LIG_0-7	PF03297	Ribosomal_S25	Ribosomal_S25
3DID_Ribosomal_S25_LIG_0-9	PF03297	Ribosomal_S25	Ribosomal_S25
3DID_Ribosomal_S25_LIG_2-0	PF03297	Ribosomal_S25	Ribosomal_S25
3DID_Ribosomal_S2_LIG_0-0	PF00318	Ribosomal_S2	Ribosomal_S2
3DID_Ribosomal_S3Ae_LIG_1-0	PF01015	Ribosomal_S3Ae	Ribosomal_S3Ae
3DID_Ribosomal_S4e_LIG_0-0	PF00900	Ribosomal_S4e	Ribosomal_S4e
3DID_Ribosomal_S4e_LIG_0-1	PF00900	Ribosomal_S4e	Ribosomal_S4e
3DID_Ribosomal_S4e_LIG_0-2	PF00900	Ribosomal_S4e	Ribosomal_S4e
3DID_Ribosomal_S4e_LIG_0-3	PF00900	Ribosomal_S4e	Ribosomal_S4e
3DID_Ribosomal_S6_LIG_4-0	PF01250	Ribosomal_S6	Ribosomal_S6
3DID_Ribosomal_S8_LIG_0-0	PF00410	Ribosomal_S8	Ribosomal_S8
3DID_Rpn13_ADRM1_Pru_LIG_0-0	PF04683	Rpn13_ADRM1_Pru	Rpn13_ADRM1_Pru
3DID_Rpn13_ADRM1_Pru_LIG_0-1	PF04683	Rpn13_ADRM1_Pru	Rpn13_ADRM1_Pru
3DID_Rpn13_ADRM1_Pru_LIG_0-56	PF04683	Rpn13_ADRM1_Pru	Rpn13_ADRM1_Pru
3DID_Rpn9_C_LIG_1-0	PF18261	Rpn9_C	Rpn9_C
3DID_Rpn9_C_LIG_1-1	PF18261	Rpn9_C	Rpn9_C
3DID_S4_LIG_0-0	PF01479	S4	S4
3DID_S4_LIG_0-2	PF01479	S4	S4
3DID_SAC3_LIG_0-0	PF12209	SAC3	SAC3
3DID_SAC3_LIG_0-5	PF12209	SAC3	SAC3
3DID_SEA_LIG_0-0	PF01390	SEA	SEA
3DID_SET_LIG_2-0	PF00856	SET	SET
3DID_SET_LIG_2-1	PF00856	SET	SET
3DID_SET_LIG_2-14	PF00856	SET	SET
3DID_SET_LIG_2-2	PF00856	SET	SET
3DID_SET_LIG_2-7	PF00856	SET	SET
3DID_SET_LIG_2-9	PF00856	SET	SET
3DID_SET_LIG_3-0	PF00856	SET	SET
3DID_SET_LIG_3-1	PF00856	SET	SET
3DID_SET_LIG_3-12	PF00856	SET	SET
3DID_SET_LIG_3-15	PF00856	SET	SET
3DID_SET_LIG_3-2	PF00856	SET	SET
3DID_SET_LIG_3-4	PF00856	SET	SET
3DID_SET_LIG_3-7	PF00856	SET	SET
3DID_SET_LIG_3-8	PF00856	SET	SET
3DID_SET_LIG_5-0	PF00856	SET	SET
3DID_SET_LIG_5-12	PF00856	SET	SET
3DID_SET_LIG_5-20	PF00856	SET	SET
3DID_SET_LIG_5-4	PF00856	SET	SET
3DID_SF3a60_Prp9_C_LIG_2-0	PF11931	SF3a60_Prp9_C	SF3a60_Prp9_C
3DID_SGF29_Tudor_LIG_0-0	PF07039	SGF29_Tudor	SGF29_Tudor
3DID_SH2_LIG_0-4	PF00017	SH2	SH2
3DID_SH2_LIG_1-0	PF00017	SH2	SH2
3DID_SH2_LIG_1-1	PF00017	SH2	SH2
3DID_SH2_LIG_1-10	PF00017	SH2	SH2
3DID_SH2_LIG_1-13	PF00017	SH2	SH2
3DID_SH2_LIG_1-17	PF00017	SH2	SH2
3DID_SH2_LIG_1-24	PF00017	SH2	SH2
3DID_SH2_LIG_1-28	PF00017	SH2	SH2
3DID_SH2_LIG_1-3	PF00017	SH2	SH2
3DID_SH2_LIG_1-30	PF00017	SH2	SH2
3DID_SH2_LIG_1-34	PF00017	SH2	SH2
3DID_SH2_LIG_1-5	PF00017	SH2	SH2
3DID_SH2_LIG_1-8	PF00017	SH2	SH2
3DID_SH2_LIG_1-9	PF00017	SH2	SH2
3DID_SH2_LIG_4-0	PF00017	SH2	SH2
3DID_SH2_LIG_4-1	PF00017	SH2	SH2
3DID_SH2_LIG_4-10	PF00017	SH2	SH2
3DID_SH2_LIG_4-11	PF00017	SH2	SH2
3DID_SH2_LIG_4-12	PF00017	SH2	SH2
3DID_SH2_LIG_4-13	PF00017	SH2	SH2
3DID_SH2_LIG_4-14	PF00017	SH2	SH2
3DID_SH2_LIG_4-15	PF00017	SH2	SH2
3DID_SH2_LIG_4-2	PF00017	SH2	SH2
3DID_SH2_LIG_4-4	PF00017	SH2	SH2
3DID_SH2_LIG_4-6	PF00017	SH2	SH2
3DID_SH2_LIG_4-7	PF00017	SH2	SH2
3DID_SH3_1_LIG_0-0	PF00018	SH3_1	SH3_1
3DID_SH3_1_LIG_1-0	PF00018	SH3_1	SH3_1
3DID_SH3_1_LIG_1-1	PF00018	SH3_1	SH3_1
3DID_SH3_1_LIG_1-10	PF00018	SH3_1	SH3_1
3DID_SH3_1_LIG_1-13	PF00018	SH3_1	SH3_1
3DID_SH3_1_LIG_1-20	PF00018	SH3_1	SH3_1
3DID_SH3_1_LIG_1-25	PF00018	SH3_1	SH3_1
3DID_SH3_1_LIG_1-6	PF00018	SH3_1	SH3_1
3DID_SH3_1_LIG_2-0	PF00018	SH3_1	SH3_1
3DID_SH3_1_LIG_2-12	PF00018	SH3_1	SH3_1
3DID_SH3_1_LIG_2-2	PF00018	SH3_1	SH3_1
3DID_SH3_1_LIG_2-28	PF00018	SH3_1	SH3_1
3DID_SH3_1_LIG_2-35	PF00018	SH3_1	SH3_1
3DID_SH3_1_LIG_3-0	PF00018	SH3_1	SH3_1
3DID_SH3_1_LIG_3-16	PF00018	SH3_1	SH3_1
3DID_SH3_1_LIG_3-36	PF00018	SH3_1	SH3_1
3DID_SH3_1_LIG_3-5	PF00018	SH3_1	SH3_1
3DID_SH3_1_LIG_3-6	PF00018	SH3_1	SH3_1
3DID_SH3_1_LIG_4-0	PF00018	SH3_1	SH3_1
3DID_SH3_1_LIG_4-1	PF00018	SH3_1	SH3_1
3DID_SH3_1_LIG_4-8	PF00018	SH3_1	SH3_1
3DID_SH3_1_LIG_4-9	PF00018	SH3_1	SH3_1
3DID_SH3_1_LIG_6-0	PF00018	SH3_1	SH3_1
3DID_SH3_1_LIG_6-2	PF00018	SH3_1	SH3_1
3DID_SH3_1_LIG_6-40	PF00018	SH3_1	SH3_1
3DID_SH3_1_LIG_6-70	PF00018	SH3_1	SH3_1
3DID_SH3_2_LIG_1-0	PF07653	SH3_2	SH3_2
3DID_SH3_2_LIG_1-1	PF07653	SH3_2	SH3_2
3DID_SH3_2_LIG_1-13	PF07653	SH3_2	SH3_2
3DID_SH3_2_LIG_1-77	PF07653	SH3_2	SH3_2
3DID_SH3_2_LIG_2-0	PF07653	SH3_2	SH3_2
3DID_SH3_2_LIG_2-2	PF07653	SH3_2	SH3_2
3DID_SH3_2_LIG_2-21	PF07653	SH3_2	SH3_2
3DID_SH3_2_LIG_2-30	PF07653	SH3_2	SH3_2
3DID_SH3_2_LIG_2-4	PF07653	SH3_2	SH3_2
3DID_SH3_2_LIG_2-45	PF07653	SH3_2	SH3_2
3DID_SH3_9_LIG_0-0	PF14604	SH3_9	SH3_9
3DID_SH3_9_LIG_0-1	PF14604	SH3_9	SH3_9
3DID_SH3_9_LIG_0-12	PF14604	SH3_9	SH3_9
3DID_SH3_9_LIG_0-2	PF14604	SH3_9	SH3_9
3DID_SH3_9_LIG_0-20	PF14604	SH3_9	SH3_9
3DID_SH3_9_LIG_0-3	PF14604	SH3_9	SH3_9
3DID_SH3_9_LIG_0-5	PF14604	SH3_9	SH3_9
3DID_SH3_9_LIG_0-53	PF14604	SH3_9	SH3_9
3DID_SH3_9_LIG_0-6	PF14604	SH3_9	SH3_9
3DID_SH3_9_LIG_1-0	PF14604	SH3_9	SH3_9
3DID_SH3_9_LIG_1-4	PF14604	SH3_9	SH3_9
3DID_SHS2_Rpb7-N_LIG_3-0	PF03876	SHS2_Rpb7-N	SHS2_Rpb7-N
3DID_SHS2_Rpb7-N_LIG_3-26	PF03876	SHS2_Rpb7-N	SHS2_Rpb7-N
3DID_SHS2_Rpb7-N_LIG_3-3	PF03876	SHS2_Rpb7-N	SHS2_Rpb7-N
3DID_SHS2_Rpb7-N_LIG_3-36	PF03876	SHS2_Rpb7-N	SHS2_Rpb7-N
3DID_SHS2_Rpb7-N_LIG_4-0	PF03876	SHS2_Rpb7-N	SHS2_Rpb7-N
3DID_SHS2_Rpb7-N_LIG_4-3	PF03876	SHS2_Rpb7-N	SHS2_Rpb7-N
3DID_SHS2_Rpb7-N_LIG_5-0	PF03876	SHS2_Rpb7-N	SHS2_Rpb7-N
3DID_SHS2_Rpb7-N_LIG_5-1	PF03876	SHS2_Rpb7-N	SHS2_Rpb7-N
3DID_SIR2_LIG_1-0	PF02146	SIR2	SIR2
3DID_SIR2_LIG_1-1	PF02146	SIR2	SIR2
3DID_SIR2_LIG_1-11	PF02146	SIR2	SIR2
3DID_SIR2_LIG_1-2	PF02146	SIR2	SIR2
3DID_SIR2_LIG_1-3	PF02146	SIR2	SIR2
3DID_SIR2_LIG_1-7	PF02146	SIR2	SIR2
3DID_SIR2_LIG_2-0	PF02146	SIR2	SIR2
3DID_SIR2_LIG_2-1	PF02146	SIR2	SIR2
3DID_SIR2_LIG_3-0	PF02146	SIR2	SIR2
3DID_SIR2_LIG_6-0	PF02146	SIR2	SIR2
3DID_SIR2_LIG_6-21	PF02146	SIR2	SIR2
3DID_SIR2_LIG_6-29	PF02146	SIR2	SIR2
3DID_SIR2_LIG_6-3	PF02146	SIR2	SIR2
3DID_SIR2_LIG_6-30	PF02146	SIR2	SIR2
3DID_SIR2_LIG_6-32	PF02146	SIR2	SIR2
3DID_SIR2_LIG_6-4	PF02146	SIR2	SIR2
3DID_SIR2_LIG_6-7	PF02146	SIR2	SIR2
3DID_SIR2_LIG_6-8	PF02146	SIR2	SIR2
3DID_SKIP_SNW_LIG_0-0	PF02731	SKIP_SNW	SKIP_SNW
3DID_SMC_Nse1_LIG_0-0	PF07574	SMC_Nse1	SMC_Nse1
3DID_SMC_Nse1_LIG_0-32	PF07574	SMC_Nse1	SMC_Nse1
3DID_SMC_Nse1_LIG_0-41	PF07574	SMC_Nse1	SMC_Nse1
3DID_SMC_Nse1_LIG_0-7	PF07574	SMC_Nse1	SMC_Nse1
3DID_SOCS_box_LIG_2-0	PF07525	SOCS_box	SOCS_box
3DID_SOCS_box_LIG_2-1	PF07525	SOCS_box	SOCS_box
3DID_SPRY_LIG_2-0	PF00622	SPRY	SPRY
3DID_SPRY_LIG_4-0	PF00622	SPRY	SPRY
3DID_SPRY_LIG_4-2	PF00622	SPRY	SPRY
3DID_SUFU_C_LIG_0-0	PF12470	SUFU_C	SUFU_C
3DID_SUFU_C_LIG_1-0	PF12470	SUFU_C	SUFU_C
3DID_SUFU_LIG_0-0	PF05076	SUFU	SUFU
3DID_SWIRM-assoc_1_LIG_2-0	PF16495	SWIRM-assoc_1	SWIRM-assoc_1
3DID_SWIRM-assoc_1_LIG_2-1	PF16495	SWIRM-assoc_1	SWIRM-assoc_1
3DID_SWIRM_LIG_0-0	PF04433	SWIRM	SWIRM
3DID_Sec1_LIG_4-0	PF00995	Sec1	Sec1
3DID_Sec61_beta_LIG_0-0	PF03911	Sec61_beta	Sec61_beta
3DID_Sec61_beta_LIG_0-1	PF03911	Sec61_beta	Sec61_beta
3DID_Sec61_beta_LIG_1-0	PF03911	Sec61_beta	Sec61_beta
3DID_SecB_LIG_5-0	PF02556	SecB	SecB
3DID_Serpin_LIG_5-0	PF00079	Serpin	Serpin
3DID_Serpin_LIG_6-0	PF00079	Serpin	Serpin
3DID_Sgf11_N_LIG_0-0	PF18519	Sgf11_N	Sgf11_N
3DID_Sin3_corepress_LIG_2-0	PF08295	Sin3_corepress	Sin3_corepress
3DID_Sld5_LIG_0-0	PF05916	Sld5	Sld5
3DID_SlmA-like_C_LIG_0-0	PF22276	SlmA-like_C	SlmA-like_C
3DID_SlmA-like_C_LIG_0-4	PF22276	SlmA-like_C	SlmA-like_C
3DID_SlmA-like_C_LIG_1-0	PF22276	SlmA-like_C	SlmA-like_C
3DID_Spc24_LIG_7-0	PF08286	Spc24	Spc24
3DID_Spc24_LIG_7-3	PF08286	Spc24	Spc24
3DID_Ssu72_LIG_0-0	PF04722	Ssu72	Ssu72
3DID_Ssu72_LIG_0-1	PF04722	Ssu72	Ssu72
3DID_Ssu72_LIG_0-13	PF04722	Ssu72	Ssu72
3DID_Ssu72_LIG_0-4	PF04722	Ssu72	Ssu72
3DID_Synaptobrevin_LIG_0-0	PF00957	Synaptobrevin	Synaptobrevin
3DID_Syntaxin_LIG_1-0	PF00804	Syntaxin	Syntaxin
3DID_Syntaxin_LIG_1-1	PF00804	Syntaxin	Syntaxin
3DID_Syntaxin_LIG_1-2	PF00804	Syntaxin	Syntaxin
3DID_Syntaxin_LIG_1-3	PF00804	Syntaxin	Syntaxin
3DID_Syntaxin_LIG_1-4	PF00804	Syntaxin	Syntaxin
3DID_TBK1_CCD1_LIG_0-0	PF18394	TBK1_CCD1	TBK1_CCD1
3DID_TBK1_CCD1_LIG_0-6	PF18394	TBK1_CCD1	TBK1_CCD1
3DID_TCR_zetazeta_LIG_0-0	PF11628	TCR_zetazeta	TCR_zetazeta
3DID_TCR_zetazeta_LIG_5-0	PF11628	TCR_zetazeta	TCR_zetazeta
3DID_TEX12_LIG_0-0	PF15219	TEX12	TEX12
3DID_TEX12_LIG_0-1	PF15219	TEX12	TEX12
3DID_TFIIB_LIG_0-0	PF00382	TFIIB	TFIIB
3DID_TFIID-31kDa_LIG_3-0	PF02291	TFIID-31kDa	TFIID-31kDa
3DID_TGF_beta_LIG_0-0	PF00019	TGF_beta	TGF_beta
3DID_TGF_beta_LIG_0-1	PF00019	TGF_beta	TGF_beta
3DID_TGF_beta_LIG_0-9	PF00019	TGF_beta	TGF_beta
3DID_TNF_LIG_2-0	PF00229	TNF	TNF
3DID_TPR1-like_2nd_LIG_0-0	PF21889	TPR1-like_2nd	TPR1-like_2nd
3DID_TPR1-like_2nd_LIG_0-1	PF21889	TPR1-like_2nd	TPR1-like_2nd
3DID_TPR1-like_2nd_LIG_0-13	PF21889	TPR1-like_2nd	TPR1-like_2nd
3DID_TPR1-like_2nd_LIG_0-16	PF21889	TPR1-like_2nd	TPR1-like_2nd
3DID_TPR1-like_2nd_LIG_0-2	PF21889	TPR1-like_2nd	TPR1-like_2nd
3DID_TPR1-like_2nd_LIG_0-20	PF21889	TPR1-like_2nd	TPR1-like_2nd
3DID_TPR1-like_2nd_LIG_0-28	PF21889	TPR1-like_2nd	TPR1-like_2nd
3DID_TPR1-like_2nd_LIG_0-38	PF21889	TPR1-like_2nd	TPR1-like_2nd
3DID_TPR1-like_2nd_LIG_0-4	PF21889	TPR1-like_2nd	TPR1-like_2nd
3DID_TPR1-like_2nd_LIG_0-8	PF21889	TPR1-like_2nd	TPR1-like_2nd
3DID_TPR1-like_2nd_LIG_1-0	PF21889	TPR1-like_2nd	TPR1-like_2nd
3DID_TPR1-like_2nd_LIG_1-1	PF21889	TPR1-like_2nd	TPR1-like_2nd
3DID_TPR_10_LIG_1-0	PF13374	TPR_10	TPR_10
3DID_TPR_10_LIG_2-0	PF13374	TPR_10	TPR_10
3DID_TPR_11_LIG_1-0	PF13414	TPR_11	TPR_11
3DID_TPR_12_LIG_0-0	PF13424	TPR_12	TPR_12
3DID_TPR_12_LIG_0-1	PF13424	TPR_12	TPR_12
3DID_TPR_12_LIG_0-2	PF13424	TPR_12	TPR_12
3DID_TPR_12_LIG_0-7	PF13424	TPR_12	TPR_12
3DID_TPR_12_LIG_2-0	PF13424	TPR_12	TPR_12
3DID_TPR_12_LIG_2-3	PF13424	TPR_12	TPR_12
3DID_TPR_16_LIG_2-0	PF13432	TPR_16	TPR_16
3DID_TPR_16_LIG_2-3	PF13432	TPR_16	TPR_16
3DID_TPR_1_LIG_0-0	PF00515	TPR_1	TPR_1
3DID_TPR_1_LIG_0-1	PF00515	TPR_1	TPR_1
3DID_TPR_1_LIG_0-18	PF00515	TPR_1	TPR_1
3DID_TPR_1_LIG_0-2	PF00515	TPR_1	TPR_1
3DID_TPR_1_LIG_3-0	PF00515	TPR_1	TPR_1
3DID_TPR_1_LIG_3-4	PF00515	TPR_1	TPR_1
3DID_TPR_8_LIG_0-0	PF13181	TPR_8	TPR_8
3DID_TPR_8_LIG_3-0	PF13181	TPR_8	TPR_8
3DID_TPR_EMC2_LIG_0-0	PF22890	TPR_EMC2	TPR_EMC2
3DID_TRAF-mep_MATH_LIG_0-0	PF21355	TRAF-mep_MATH	TRAF-mep_MATH
3DID_TRAF-mep_MATH_LIG_0-1	PF21355	TRAF-mep_MATH	TRAF-mep_MATH
3DID_TRAF-mep_MATH_LIG_0-20	PF21355	TRAF-mep_MATH	TRAF-mep_MATH
3DID_TRAF-mep_MATH_LIG_0-23	PF21355	TRAF-mep_MATH	TRAF-mep_MATH
3DID_TRAF-mep_MATH_LIG_0-7	PF21355	TRAF-mep_MATH	TRAF-mep_MATH
3DID_TRAF-mep_MATH_LIG_0-8	PF21355	TRAF-mep_MATH	TRAF-mep_MATH
3DID_TRF_LIG_0-13	PF08558	TRF	TRF
3DID_TRF_LIG_0-34	PF08558	TRF	TRF
3DID_TRF_LIG_0-8	PF08558	TRF	TRF
3DID_TRF_LIG_1-0	PF08558	TRF	TRF
3DID_TRF_LIG_1-12	PF08558	TRF	TRF
3DID_TRF_LIG_1-13	PF08558	TRF	TRF
3DID_TRF_LIG_1-3	PF08558	TRF	TRF
3DID_TRF_LIG_1-8	PF08558	TRF	TRF
3DID_TUDOR_LIG_1-0	PF00567	TUDOR	TUDOR
3DID_TetR_N_LIG_0-0	PF00440	TetR_N	TetR_N
3DID_Tfb2_LIG_2-0	PF03849	Tfb2	Tfb2
3DID_Thioredoxin_LIG_4-0	PF00085	Thioredoxin	Thioredoxin
3DID_Thioredoxin_LIG_4-1	PF00085	Thioredoxin	Thioredoxin
3DID_Toprim_LIG_1-0	PF01751	Toprim	Toprim
3DID_Troponin_LIG_7-0	PF00992	Troponin	Troponin
3DID_Trypsin_LIG_18-0	PF00089	Trypsin	Trypsin
3DID_Trypsin_LIG_19-0	PF00089	Trypsin	Trypsin
3DID_Trypsin_LIG_2-0	PF00089	Trypsin	Trypsin
3DID_Trypsin_LIG_2-1	PF00089	Trypsin	Trypsin
3DID_Trypsin_LIG_2-3	PF00089	Trypsin	Trypsin
3DID_Trypsin_LIG_2-4	PF00089	Trypsin	Trypsin
3DID_Trypsin_LIG_20-0	PF00089	Trypsin	Trypsin
3DID_Trypsin_LIG_3-0	PF00089	Trypsin	Trypsin
3DID_Trypsin_LIG_5-1	PF00089	Trypsin	Trypsin
3DID_Trypsin_LIG_5-2	PF00089	Trypsin	Trypsin
3DID_Trypsin_LIG_7-1	PF00089	Trypsin	Trypsin
3DID_Tudor_2_LIG_0-0	PF18104	Tudor_2	Tudor_2
3DID_Tudor_2_LIG_0-1	PF18104	Tudor_2	Tudor_2
3DID_Tudor_2_LIG_0-20	PF18104	Tudor_2	Tudor_2
3DID_Tudor_2_LIG_0-4	PF18104	Tudor_2	Tudor_2
3DID_Tudor_2_LIG_0-51	PF18104	Tudor_2	Tudor_2
3DID_Tyr-DNA_phospho_LIG_0-0	PF06087	Tyr-DNA_phospho	Tyr-DNA_phospho
3DID_UCR_14kD_LIG_0-0	PF02271	UCR_14kD	UCR_14kD
3DID_UCR_14kD_LIG_0-1	PF02271	UCR_14kD	UCR_14kD
3DID_UCR_14kD_LIG_0-20	PF02271	UCR_14kD	UCR_14kD
3DID_UCR_14kD_LIG_0-28	PF02271	UCR_14kD	UCR_14kD
3DID_UCR_14kD_LIG_0-29	PF02271	UCR_14kD	UCR_14kD
3DID_UCR_14kD_LIG_0-3	PF02271	UCR_14kD	UCR_14kD
3DID_UCR_14kD_LIG_0-49	PF02271	UCR_14kD	UCR_14kD
3DID_UCR_14kD_LIG_0-6	PF02271	UCR_14kD	UCR_14kD
3DID_UCR_14kD_LIG_0-7	PF02271	UCR_14kD	UCR_14kD
3DID_UCR_14kD_LIG_0-9	PF02271	UCR_14kD	UCR_14kD
3DID_UCR_UQCRX_QCR9_LIG_2-0	PF05365	UCR_UQCRX_QCR9	UCR_UQCRX_QCR9
3DID_UEV_LIG_0-0	PF05743	UEV	UEV
3DID_UEV_LIG_0-4	PF05743	UEV	UEV
3DID_UPAR_LY6_LIG_4-0	PF00021	UPAR_LY6	UPAR_LY6
3DID_UQ_con_LIG_3-0	PF00179	UQ_con	UQ_con
3DID_UQ_con_LIG_4-0	PF00179	UQ_con	UQ_con
3DID_UQ_con_LIG_4-2	PF00179	UQ_con	UQ_con
3DID_USP7_ICP0_bdg_LIG_0-0	PF12436	USP7_ICP0_bdg	USP7_ICP0_bdg
3DID_USP7_ICP0_bdg_LIG_0-1	PF12436	USP7_ICP0_bdg	USP7_ICP0_bdg
3DID_USP7_ICP0_bdg_LIG_0-2	PF12436	USP7_ICP0_bdg	USP7_ICP0_bdg
3DID_USP7_ICP0_bdg_LIG_0-4	PF12436	USP7_ICP0_bdg	USP7_ICP0_bdg
3DID_USP7_ICP0_bdg_LIG_0-9	PF12436	USP7_ICP0_bdg	USP7_ICP0_bdg
3DID_USP7_ICP0_bdg_LIG_1-0	PF12436	USP7_ICP0_bdg	USP7_ICP0_bdg
3DID_USP7_ICP0_bdg_LIG_1-1	PF12436	USP7_ICP0_bdg	USP7_ICP0_bdg
3DID_USP7_ICP0_bdg_LIG_1-2	PF12436	USP7_ICP0_bdg	USP7_ICP0_bdg
3DID_USP7_ICP0_bdg_LIG_1-3	PF12436	USP7_ICP0_bdg	USP7_ICP0_bdg
3DID_USP7_ICP0_bdg_LIG_2-0	PF12436	USP7_ICP0_bdg	USP7_ICP0_bdg
3DID_USP7_ICP0_bdg_LIG_2-1	PF12436	USP7_ICP0_bdg	USP7_ICP0_bdg
3DID_USP7_ICP0_bdg_LIG_2-2	PF12436	USP7_ICP0_bdg	USP7_ICP0_bdg
3DID_USP7_ICP0_bdg_LIG_2-4	PF12436	USP7_ICP0_bdg	USP7_ICP0_bdg
3DID_USP7_ICP0_bdg_LIG_2-5	PF12436	USP7_ICP0_bdg	USP7_ICP0_bdg
3DID_Ufm1_LIG_0-0	PF03671	Ufm1	Ufm1
3DID_Ufm1_LIG_0-14	PF03671	Ufm1	Ufm1
3DID_Ufm1_LIG_0-2	PF03671	Ufm1	Ufm1
3DID_Ufm1_LIG_0-22	PF03671	Ufm1	Ufm1
3DID_Ufm1_LIG_0-33	PF03671	Ufm1	Ufm1
3DID_Ufm1_LIG_0-34	PF03671	Ufm1	Ufm1
3DID_Ufm1_LIG_0-4	PF03671	Ufm1	Ufm1
3DID_Ufm1_LIG_0-7	PF03671	Ufm1	Ufm1
3DID_V-ATPase_G_LIG_0-0	PF03179	V-ATPase_G	V-ATPase_G
3DID_V-ATPase_G_LIG_0-2	PF03179	V-ATPase_G	V-ATPase_G
3DID_V-ATPase_G_LIG_0-3	PF03179	V-ATPase_G	V-ATPase_G
3DID_V-ATPase_G_LIG_0-9	PF03179	V-ATPase_G	V-ATPase_G
3DID_V-SNARE_C_LIG_0-0	PF12352	V-SNARE_C	V-SNARE_C
3DID_V-SNARE_C_LIG_0-1	PF12352	V-SNARE_C	V-SNARE_C
3DID_V-set_LIG_108-0	PF07686	V-set	V-set
3DID_V-set_LIG_108-1	PF07686	V-set	V-set
3DID_V-set_LIG_109-0	PF07686	V-set	V-set
3DID_V-set_LIG_109-1	PF07686	V-set	V-set
3DID_V-set_LIG_11-0	PF07686	V-set	V-set
3DID_V-set_LIG_123-0	PF07686	V-set	V-set
3DID_V-set_LIG_13-0	PF07686	V-set	V-set
3DID_V-set_LIG_135-0	PF07686	V-set	V-set
3DID_V-set_LIG_135-1	PF07686	V-set	V-set
3DID_V-set_LIG_136-0	PF07686	V-set	V-set
3DID_V-set_LIG_136-1	PF07686	V-set	V-set
3DID_V-set_LIG_141-0	PF07686	V-set	V-set
3DID_V-set_LIG_151-0	PF07686	V-set	V-set
3DID_V-set_LIG_161-0	PF07686	V-set	V-set
3DID_V-set_LIG_165-0	PF07686	V-set	V-set
3DID_V-set_LIG_21-0	PF07686	V-set	V-set
3DID_V-set_LIG_23-0	PF07686	V-set	V-set
3DID_V-set_LIG_29-0	PF07686	V-set	V-set
3DID_V-set_LIG_31-0	PF07686	V-set	V-set
3DID_V-set_LIG_32-0	PF07686	V-set	V-set
3DID_V-set_LIG_33-0	PF07686	V-set	V-set
3DID_V-set_LIG_33-1	PF07686	V-set	V-set
3DID_V-set_LIG_34-0	PF07686	V-set	V-set
3DID_V-set_LIG_34-1	PF07686	V-set	V-set
3DID_V-set_LIG_34-2	PF07686	V-set	V-set
3DID_V-set_LIG_35-0	PF07686	V-set	V-set
3DID_V-set_LIG_35-4	PF07686	V-set	V-set
3DID_V-set_LIG_42-0	PF07686	V-set	V-set
3DID_V-set_LIG_53-0	PF07686	V-set	V-set
3DID_V-set_LIG_61-0	PF07686	V-set	V-set
3DID_V-set_LIG_73-0	PF07686	V-set	V-set
3DID_V-set_LIG_73-1	PF07686	V-set	V-set
3DID_V-set_LIG_75-0	PF07686	V-set	V-set
3DID_V-set_LIG_9-0	PF07686	V-set	V-set
3DID_V-set_LIG_93-0	PF07686	V-set	V-set
3DID_V-set_LIG_95-0	PF07686	V-set	V-set
3DID_VHL_C_LIG_2-0	PF17211	VHL_C	VHL_C
3DID_VHL_C_LIG_2-1	PF17211	VHL_C	VHL_C
3DID_VHL_C_LIG_2-5	PF17211	VHL_C	VHL_C
3DID_VHL_LIG_2-0	PF01847	VHL	VHL
3DID_VHS_LIG_0-0	PF00790	VHS	VHS
3DID_VHS_LIG_0-12	PF00790	VHS	VHS
3DID_VHS_LIG_0-13	PF00790	VHS	VHS
3DID_VHS_LIG_0-4	PF00790	VHS	VHS
3DID_VHS_LIG_0-6	PF00790	VHS	VHS
3DID_VHS_LIG_0-7	PF00790	VHS	VHS
3DID_VWA_2_LIG_2-0	PF13519	VWA_2	VWA_2
3DID_VWA_LIG_0-0	PF00092	VWA	VWA
3DID_VWA_LIG_0-2	PF00092	VWA	VWA
3DID_VWA_LIG_0-4	PF00092	VWA	VWA
3DID_VWA_LIG_0-7	PF00092	VWA	VWA
3DID_VWA_LIG_0-9	PF00092	VWA	VWA
3DID_Vinculin_LIG_2-0	PF01044	Vinculin	Vinculin
3DID_Vinculin_LIG_2-1	PF01044	Vinculin	Vinculin
3DID_Vinculin_LIG_2-2	PF01044	Vinculin	Vinculin
3DID_Vinculin_LIG_2-3	PF01044	Vinculin	Vinculin
3DID_Vinculin_LIG_2-7	PF01044	Vinculin	Vinculin
3DID_Vinculin_LIG_2-9	PF01044	Vinculin	Vinculin
3DID_WD40_LIG_1-0	PF00400	WD40	WD40
3DID_WD40_LIG_12-0	PF00400	WD40	WD40
3DID_WD40_LIG_12-1	PF00400	WD40	WD40
3DID_WD40_LIG_12-10	PF00400	WD40	WD40
3DID_WD40_LIG_12-13	PF00400	WD40	WD40
3DID_WD40_LIG_12-4	PF00400	WD40	WD40
3DID_WD40_LIG_12-7	PF00400	WD40	WD40
3DID_WD40_LIG_16-0	PF00400	WD40	WD40
3DID_WD40_LIG_17-0	PF00400	WD40	WD40
3DID_WD40_LIG_19-0	PF00400	WD40	WD40
3DID_WD40_LIG_19-1	PF00400	WD40	WD40
3DID_WD40_LIG_19-2	PF00400	WD40	WD40
3DID_WD40_LIG_2-0	PF00400	WD40	WD40
3DID_WD40_LIG_2-4	PF00400	WD40	WD40
3DID_WD40_LIG_2-6	PF00400	WD40	WD40
3DID_WD40_LIG_5-0	PF00400	WD40	WD40
3DID_WD40_LIG_5-2	PF00400	WD40	WD40
3DID_WD40_LIG_5-5	PF00400	WD40	WD40
3DID_WD40_LIG_6-0	PF00400	WD40	WD40
3DID_WD40_LIG_6-1	PF00400	WD40	WD40
3DID_WD40_LIG_6-24	PF00400	WD40	WD40
3DID_WD40_LIG_6-39	PF00400	WD40	WD40
3DID_WD40_LIG_6-42	PF00400	WD40	WD40
3DID_WD40_LIG_6-6	PF00400	WD40	WD40
3DID_WD40_LIG_6-8	PF00400	WD40	WD40
3DID_WD40_LIG_7-0	PF00400	WD40	WD40
3DID_WD40_LIG_7-13	PF00400	WD40	WD40
3DID_WD40_LIG_7-7	PF00400	WD40	WD40
3DID_WD40_LIG_7-9	PF00400	WD40	WD40
3DID_WD40_LIG_8-0	PF00400	WD40	WD40
3DID_WD40_LIG_8-1	PF00400	WD40	WD40
3DID_WD40_LIG_8-15	PF00400	WD40	WD40
3DID_WD40_LIG_8-2	PF00400	WD40	WD40
3DID_WD40_LIG_8-3	PF00400	WD40	WD40
3DID_WD40_LIG_8-7	PF00400	WD40	WD40
3DID_WD40_LIG_9-0	PF00400	WD40	WD40
3DID_WD40_LIG_9-1	PF00400	WD40	WD40
3DID_WH1_LIG_0-0	PF00568	WH1	WH1
3DID_WH1_LIG_1-0	PF00568	WH1	WH1
3DID_WH1_LIG_2-0	PF00568	WH1	WH1
3DID_WW_LIG_0-0	PF00397	WW	WW
3DID_WW_LIG_0-155	PF00397	WW	WW
3DID_WW_LIG_0-170	PF00397	WW	WW
3DID_WW_LIG_0-172	PF00397	WW	WW
3DID_WW_LIG_0-18	PF00397	WW	WW
3DID_WW_LIG_0-2	PF00397	WW	WW
3DID_WW_LIG_0-35	PF00397	WW	WW
3DID_WW_LIG_1-0	PF00397	WW	WW
3DID_WW_LIG_1-1	PF00397	WW	WW
3DID_WW_LIG_2-0	PF00397	WW	WW
3DID_WW_LIG_2-54	PF00397	WW	WW
3DID_WW_LIG_2-79	PF00397	WW	WW
3DID_XMAP215_CLASP_TOG_LIG_0-0	PF21041	XMAP215_CLASP_TOG	XMAP215_CLASP_TOG
3DID_XMAP215_CLASP_TOG_LIG_1-1	PF21041	XMAP215_CLASP_TOG	XMAP215_CLASP_TOG
3DID_XPC-binding_LIG_0-0	PF09280	XPC-binding	XPC-binding
3DID_YBD_LIG_1-0	PF17725	YBD	YBD
3DID_YBD_LIG_1-21	PF17725	YBD	YBD
3DID_YBD_LIG_1-34	PF17725	YBD	YBD
3DID_YBD_LIG_1-4	PF17725	YBD	YBD
3DID_YEATS_LIG_0-0	PF03366	YEATS	YEATS
3DID_YEATS_LIG_0-10	PF03366	YEATS	YEATS
3DID_YEATS_LIG_0-14	PF03366	YEATS	YEATS
3DID_YEATS_LIG_0-22	PF03366	YEATS	YEATS
3DID_YEATS_LIG_0-29	PF03366	YEATS	YEATS
3DID_YEATS_LIG_0-36	PF03366	YEATS	YEATS
3DID_YEATS_LIG_0-6	PF03366	YEATS	YEATS
3DID_Y_phosphatase_LIG_0-0	PF00102	Y_phosphatase	Y_phosphatase
3DID_Y_phosphatase_LIG_0-1	PF00102	Y_phosphatase	Y_phosphatase
3DID_Y_phosphatase_LIG_0-10	PF00102	Y_phosphatase	Y_phosphatase
3DID_Y_phosphatase_LIG_0-17	PF00102	Y_phosphatase	Y_phosphatase
3DID_Y_phosphatase_LIG_0-18	PF00102	Y_phosphatase	Y_phosphatase
3DID_Y_phosphatase_LIG_0-6	PF00102	Y_phosphatase	Y_phosphatase
3DID_Y_phosphatase_LIG_0-8	PF00102	Y_phosphatase	Y_phosphatase
3DID_Ydr279_N_LIG_0-0	PF17745	Ydr279_N	Ydr279_N
3DID_fn1_LIG_0-0	PF00039	fn1	fn1
3DID_fn1_LIG_2-0	PF00039	fn1	fn1
3DID_ubiquitin_LIG_3-0	PF00240	ubiquitin	ubiquitin
3DID_ubiquitin_LIG_7-0	PF00240	ubiquitin	ubiquitin
3DID_zf-CW_LIG_0-0	PF07496	zf-CW	zf-CW
3DID_zf-UBP_LIG_0-0	PF02148	zf-UBP	zf-UBP
