Entry	Pfam	Gene Names
G8JZS4	PF14509;PF14508;PF10566;	susB BT_3703
Q8A6L0	PF14509;PF14508;PF10566;	BT_1871
Q02550	PF04055;PF13186;	chuR BT_0238
Q89ZJ8	PF07690;	BT_4379
Q89ZK5	PF04055;PF21016;	rlmN BT_4372
Q8A1G0	PF00128;PF10438;PF09087;	susA BT_3704
Q8A1M5	PF01118;PF02774;	asd BT_3636
Q8A254	PF01225;PF02875;PF08245;	murE BT_3452
Q8A327	PF01725;	BT_3128
Q8A3H9	PF02146;	cobB BT_2975
Q8A528	PF00926;PF00925;	ribBA BT_2416
Q8A812	PF04127;PF02441;	coaBC BT_1362
Q8A9E5	PF00155;	spt BT_0870
Q8AB05	PF00365;	pfp BT_0307
P94598	PF00208;PF02812;	gdhA BT_1970
Q45791	PF00154;PF21096;	recA BT_4610
Q89YM9	PF00378;	menB BT_4702
Q89YT0	PF01261;	nfo BT_4651
Q89YZ2	PF01195;	pth BT_4588
Q89YZ7	PF07687;PF01546;	pepT BT_4583
Q89Z26	PF01926;PF12631;PF10396;	mnmE trmE BT_4551
Q89Z59	PF12161;PF02384;	hsdM BT_4518
Q89ZF2	PF01791;	deoC BT_4425
Q89ZJ0	PF00406;	adk BT_4387
Q89ZJ1	PF00156;	BT_4386
Q89ZK3	PF04166;	pdxA BT_4374
Q89ZL5	PF21090;PF02810;PF07517;PF01043;PF07516;	secA BT_4362
Q89ZM4	PF08264;PF00133;PF10458;	valS BT_4353
Q89ZR8	PF02569;	panC BT_4308
Q89ZV6	PF00117;PF00958;PF02540;	guaA1 BT_4265
Q89ZW8	PF00885;	ribH BT_4253
Q8A018	PF01715;	miaA1 BT_4203
Q8A029	PF04055;	lipA BT_4192
Q8A094	PF01182;	nagB BT_4127
Q8A0B2	PF01095;	BT_4109
Q8A0B5	PF04962;	kduI2 BT_4106
Q8A0F6	PF00329;PF00346;	nuoC nuoCD nuoD BT_4065
Q8A0H8	PF00398;	rsmA ksgA BT_4043
Q8A0L4	PF00004;PF17862;PF06480;PF01434;	ftsH BT_4007
Q8A0M6	PF02272;PF01411;PF07973;	alaS BT_3995
Q8A0T3	PF00270;PF00271;PF16124;	BT_3938
Q8A0T9	PF10410;PF08275;PF13155;PF01807;	dnaG BT_3932
Q8A0U2	PF00121;	tpiA BT_3929
Q8A0V3	PF03740;	pdxJ BT_3918
Q8A0X9	PF01063;	BT_3892
Q8A0Y3	PF03054;PF20258;PF20259;	mnmA3 BT_3888
Q8A0Y7	PF02542;	ispF BT_3884
Q8A126	PF00571;PF00478;	guaB BT_3845
Q8A128	PF07724;PF10431;PF06689;	clpX BT_3843
Q8A129	PF00574;	clpP BT_3842
Q8A136	PF07650;PF01926;	era BT_3835
Q8A137	PF08545;PF08541;	fabH2 BT_3834
Q8A155	PF01808;PF02142;	purH BT_3812
Q8A1E7	PF00696;PF01472;	proB BT_3719
Q8A1F3	PF07478;PF01820;	ddl BT_3713
Q8A1G8	PF00871;	ackA BT_3693
Q8A1L7	PF01225;PF02875;PF08245;	murF BT_3644
Q8A247	PF13444;	glsB choA BT_3459
Q8A255	PF00953;	mraY BT_3451
Q8A259	PF01225;PF02875;PF08245;	murC BT_3447
Q8A277	PF00204;PF00986;PF02518;PF01751;	gyrB BT_3429
Q8A287	PF06415;PF01676;	gpmI BT_3419
Q8A2B0	PF00696;	argB BT_3395
Q8A2B2	PF01202;	aroK BT_3393
Q8A2E4	PF00389;PF02826;	pdxB BT_3361
Q8A2E6	PF00550;	acpP BT_3359
Q8A2M0	PF17864;PF05491;PF05496;	ruvB BT_3285
Q8A2N8	PF00156;	apt BT_3267
Q8A2P0	PF02580;	dtd BT_3265
Q8A2S5	PF22421;PF00579;	tyrS BT_3230
Q8A3Z2	PF10417;PF00578;	BT_2812
Q8A414	PF01293;	pckA BT_2790
Q8A417	PF21018;PF00679;PF00009;PF03144;	bipA BT_2787
Q8A455	PF19269;PF00749;	gltX BT_2748
Q8A463	PF00009;PF03144;PF03143;	tuf BT_2740
Q8A472	PF00164;	rpsL BT_2731
Q8A525	PF00117;PF00958;PF02540;	guaA2 BT_2419
Q8A531	PF04204;	metAA BT_2413
Q8A541	PF00696;PF22468;PF00742;PF03447;	BT_2403
Q8A5I1	PF16360;PF13167;PF01926;	hflX BT_2258
Q8A5I9	PF03193;PF16745;	rsgA2 BT_2250
Q8A5J7	PF00696;	pyrH BT_2242
Q8A5K8	PF02666;	psd BT_2231
Q8A5Q2	PF00275;	aroA BT_2186
Q8A5Z7	PF01131;PF01751;	BT_2089
Q8A610	PF22629;PF10369;	BT_2076
Q8A625	PF02401;	ispH BT_2061
Q8A626	PF02224;	cmk BT_2060
Q8A639	PF00303;	thyA BT_2047
Q8A667	PF02503;PF13090;PF17941;PF13089;	ppk BT_2019
Q8A681	PF00275;	murA BT_2005
Q8A684	PF08436;PF02670;PF13288;	dxr BT_2002
Q8A6L7	PF00330;	leuC BT_1860
Q8A6M0	PF00180;	leuB BT_1857
Q8A6P7	PF00166;	groES groS BT_1830
Q8A6Z2	PF02769;PF18072;PF18076;PF22689;PF13507;	purL BT_1733
Q8A749	PF02545;	BT_1676
Q8A753	PF00162;	pgk BT_1672
Q8A756	PF02912;PF01409;	pheS BT_1669
Q8A774	PF00106;PF01128;	ispD BT_1651
Q8A7B5	PF13177;PF12169;PF22608;	dnaX BT_1610
Q8A7C3	PF00448;PF02881;PF02978;	ffh BT_1601
Q8A7C9	PF00006;PF07498;PF07497;	rho BT_1595
Q8A7F8	PF06508;	queC BT_1566
Q8A7G0	PF14489;	queF BT_1564
Q8A7S8	PF13500;	bioD BT_1446
Q8A7Z4	PF00117;	hisH BT_1380
Q8A7Z6	PF00977;	hisF BT_1378
Q8A7Z7	PF01502;PF01503;	hisI hisIE BT_1377
Q8A7Z9	PF00696;PF22468;	BT_1375
Q8A800	PF02784;PF00278;	lysA BT_1374
Q8A803	PF00155;	kbl BT_1371
Q8A836	PF00908;	BT_1338
Q8A883	PF00005;PF08402;	potA BT_1291
Q8A8E2	PF01370;	fcl BT_1225
Q8A8I1	PF00005;PF12848;	ettA BT_1186
Q8A8K8	PF03116;	nqrB BT_1159
Q8A8K9	PF04205;	nqrC BT_1158
Q8A8L1	PF02508;	nqrE BT_1156
Q8A8L2	PF00970;PF00111;PF00175;	nqrF BT_1155
Q8A8Y4	PF04041;	BT_1033
Q8A9A1	PF00448;PF02881;	ftsY BT_0914
Q8A9A2	PF04055;PF18693;PF00919;	rimO BT_0913
Q8A9C0	PF00701;	dapA BT_0895
Q8A9C3	PF01180;	pyrD BT_0892
Q8A9C4	PF10418;PF00175;	pyrK BT_0891
Q8A9E3	PF02938;PF00152;PF01336;	aspS BT_0872
Q8A9I0	PF01702;	tgt BT_0835
Q8A9I7	PF00908;	BT_0828
Q8A9K9	PF08264;PF19302;PF00133;	ileS BT_0806
Q8A9S7	PF00464;	glyA BT_0738
Q8A9U7	PF00006;PF00306;PF02874;	atpA BT_0718
Q8A9X8	PF03063;	hcp BT_0687
Q8AA33	PF00679;PF00009;PF03144;PF06421;	lepA BT_0632
Q8AA40	PF00772;PF03796;	BT_0625
Q8AA95	PF00271;PF04851;PF02151;PF12344;PF17757;	uvrB BT_0570
Q8AAN7		xpt BT_0427
Q8ABA7	PF13242;PF00475;	hisB BT_0203
Q8ABA9	PF00815;	hisD BT_0201
Q8ABC6	PF00485;	udk BT_0184
Q8ABD0	PF02310;PF02607;PF00809;PF02574;	BT_0180
Q8ABF5	PF03054;PF20258;PF20259;	mnmA1 BT_0155
Q8ABH7	PF22645;	murQ BT_0133
Q89YJ3	PF01228;PF02901;	BT_4738
Q89YJ4	PF13353;PF04055;	BT_4737
Q89YN1	PF00425;	BT_4700
Q89YQ3	PF03313;PF03315;	BT_4678
Q89YR7	PF00291;	BT_4664
Q89YS5	PF01663;PF16347;	BT_4656
Q89YV3	PF00271;PF13091;PF04851;	BT_4628
Q89YZ1	PF01386;PF14693;	rplY ctc BT_4589
Q89Z17	PF02424;	BT_4560
Q89Z39	PF12161;PF02384;	BT_4538
Q89Z42	PF12008;PF04313;PF18766;PF22679;	BT_4535
Q89Z60	PF08463;PF04313;PF04851;	BT_4517
Q89ZC4	PF01242;	BT_4453
Q89ZJ9	PF03840;	BT_4378
Q89ZM7	PF03819;	BT_4350
Q89ZP2	PF13491;PF17854;PF09397;PF01580;	BT_4334
Q89ZP8	PF04452;PF20260;	BT_4328
Q89ZQ5	PF00793;	BT_4321
Q89ZR2	PF00829;	rplU BT_4314
Q89ZR3	PF01016;	rpmA BT_4313
Q89ZR4	PF02403;PF00587;	BT_4312
Q89ZV7	PF01741;	mscL BT_4264
Q89ZV8	PF02800;PF00044;	BT_4263
Q89ZW2	PF13180;PF03572;	BT_4259
Q89ZW4	PF02811;	BT_4257
Q89ZX8	PF01408;PF21252;	BT_4243
Q89ZY0	PF02929;PF00703;PF02836;PF02837;PF16353;	BT_4241
Q8A010	PF00586;PF02769;	BT_4211
Q8A011	PF03462;PF00472;	prfA BT_4210
Q8A012	PF00215;	pyrF BT_4209
Q8A066	PF00295;	BT_4155
Q8A084	PF02518;PF00512;PF12833;PF07494;PF00072;PF07495;	BT_4137
Q8A0A5		BT_4116
Q8A0H1	PF02929;PF13290;PF00754;PF00703;PF02836;PF02837;PF16353;	BT_4050
Q8A0L3	PF02410;	rsfS BT_4008
Q8A0N1	PF07971;PF17678;	BT_3990
Q8A0P8	PF02547;	queA BT_3973
Q8A0S1	PF02878;PF02879;PF02880;PF00408;	BT_3950
Q8A0S6	PF02911;PF00551;	fmt BT_3945
Q8A0S8	PF01300;	BT_3943
Q8A0T6	PF00155;	BT_3935
Q8A0W0	PF02866;PF00056;	mdh BT_3911
Q8A0Y9	PF02629;PF06971;	rex BT_3882
Q8A0Z3	PF00889;	tsf BT_3878
Q8A0Z4	PF00318;	rpsB BT_3877
Q8A0Z5	PF00380;	rpsI BT_3876
Q8A0Z6	PF00572;	rplM BT_3875
Q8A0Z9	PF00849;PF01479;	BT_3872
Q8A100	PF08328;PF00206;	BT_3871
Q8A107	PF00579;	BT_3864
Q8A135	PF14714;PF01926;	der engA BT_3836
Q8A154	PF06723;	mreB BT_3813
Q8A165	PF00160;	BT_3802
Q8A166	PF02954;PF00072;PF00158;	BT_3801
Q8A1A4	PF01316;PF02863;	argR BT_3762
Q8A1A9	PF03807;PF14748;	proC BT_3757
Q8A1E0	PF01255;	uppS BT_3726
Q8A1E2	PF03938;	BT_3724
Q8A1E8		proA BT_3718
Q8A1F6	PF00468;	rpmH BT_3710
Q8A1F7	PF01132;PF08207;PF09285;	efp BT_3709
Q8A1F8	PF00245;	BT_3708
Q8A1G9	PF01515;	BT_3692
Q8A1P8	PF03129;PF00587;	glyQS BT_3611
Q8A1U1	PF14310;PF00933;PF01915;	BT_3567
Q8A1Y1	PF07971;PF17678;	BT_3527
Q8A1Z2	PF04616;	BT_3516
Q8A251	PF01795;	rsmH mraW BT_3455
Q8A261	PF14450;PF02491;	ftsA BT_3445
Q8A262	PF12327;PF00091;	ftsZ BT_3444
Q8A276	PF01649;	rpsT BT_3430
Q8A2A1	PF22042;PF00009;PF11987;PF04760;	infB BT_3404
Q8A2A3	PF17384;PF02576;	rimP BT_3402
Q8A2B1	PF17810;PF17944;PF02784;	speA BT_3394
Q8A2B4	PF01693;PF00075;	BT_3391
Q8A2E7	PF00109;PF02801;	BT_3358
Q8A2G5	PF02929;PF00703;PF02836;PF02837;PF16353;	BT_3340
Q8A2G6	PF16576;	BT_3339
Q8A2H9	PF01207;	BT_3326
Q8A2I5	PF05173;PF01113;	BT_3320
Q8A2I6	PF10502;	BT_3319
Q8A2K2	PF03880;PF00270;PF00271;	BT_3303
Q8A2L2	PF02929;PF00754;PF00703;PF02836;PF02837;PF16353;	BT_3293
Q8A2M2	PF02130;	ybeY BT_3283
Q8A2N7	PF01134;PF13932;PF21680;	mnmG gidA BT_3268
Q8A2Q2	PF01071;PF02843;PF02844;	purD BT_3253
Q8A2X6	PF02929;PF00703;PF02836;PF02837;PF16353;	BT_3179
Q8A324	PF16874;PF16875;PF02065;	BT_3131
Q8A334	PF01624;PF05188;PF05192;PF05190;PF00488;	mutS BT_3121
Q8A338	PF02558;PF08546;	BT_3117
Q8A339	PF01926;PF06071;	ychF BT_3116
Q8A375	PF00291;	BT_3080
Q8A3C1	PF00204;PF00986;PF02518;PF01751;	BT_3033
Q8A3H8	PF00254;PF01346;	BT_2976
Q8A3U4	PF02518;PF00512;PF12833;PF07494;PF00072;PF07495;	BT_2860
Q8A3V4	PF02518;	BT_2850
Q8A3W3	PF00224;PF02887;	BT_2841
Q8A3X5	PF03485;PF05746;PF00750;	argS BT_2829
Q8A418	PF00312;	rpsO BT_2786
Q8A443	PF01923;	BT_2760
Q8A446	PF00710;PF17763;	BT_2757
Q8A464	PF00467;PF02357;	nusG BT_2739
Q8A465	PF00298;PF03946;	rplK BT_2738
Q8A466	PF00687;	rplA BT_2737
Q8A468	PF00542;PF16320;	rplL BT_2735
Q8A473	PF00177;	rpsG BT_2730
Q8A474	PF00679;PF14492;PF03764;PF00009;PF03144;	fusA BT_2729
Q8A475	PF00338;	rpsJ BT_2728
Q8A476	PF00297;	rplC BT_2727
Q8A477	PF00573;	rplD BT_2726
Q8A478	PF00276;	rplW BT_2725
Q8A479	PF00181;PF03947;	rplB BT_2724
Q8A480	PF00203;	rpsS BT_2723
Q8A481	PF00237;	rplV BT_2722
Q8A482	PF07650;PF00189;	rpsC BT_2721
Q8A483	PF00252;	rplP BT_2720
Q8A484	PF00831;	rpmC BT_2719
Q8A486	PF00238;	rplN BT_2717
Q8A487	PF00467;PF17136;	rplX BT_2716
Q8A488	PF00281;PF00673;	rplE BT_2715
Q8A489	PF00253;	rpsN BT_2714
Q8A491	PF00347;	rplF BT_2712
Q8A492	PF00861;	rplR BT_2711
Q8A493	PF00333;PF03719;	rpsE BT_2710
Q8A494	PF00327;	rpmD BT_2709
Q8A495	PF00828;	rplO BT_2708
Q8A496	PF00344;	secY BT_2707
Q8A498	PF01176;	infA BT_2705
Q8A4A0	PF00411;	rpsK BT_2703
Q8A4A3	PF01196;	rplQ BT_2700
Q8A4B3	PF00221;	BT_2690
Q8A4D7	PF16499;PF17801;	BT_2662
Q8A4N4	PF01272;PF03449;	greA BT_2565
Q8A4S4	PF05592;PF17389;PF17390;PF08531;	BT_2523
Q8A4S6	PF00309;PF04963;PF04552;	BT_2521
Q8A4S8	PF01597;	gcvH BT_2519
Q8A4V8	PF01245;	rplS BT_2489
Q8A508	PF00144;PF00933;	BT_2439
Q8A529	PF00155;	BT_2415
Q8A542	PF01676;PF10143;	BT_2402
Q8A543	PF00291;PF14821;	BT_2401
Q8A583	PF06831;PF06827;	BT_2359
Q8A5G6	PF00590;	rsmI BT_2273
Q8A5J0	PF01765;	frr BT_2249
Q8A5K9	PF07733;PF17657;PF14579;PF02811;PF01336;	BT_2230
Q8A5L0	PF00085;	BT_2229
Q8A5N1	PF02367;	BT_2207
Q8A5S0	PF06969;PF04055;	BT_2168
Q8A5S2	PF02518;PF00512;	BT_2166
Q8A5S5	PF01250;	rpsF BT_2163
Q8A5S7	PF03948;PF01281;	rplI BT_2161
Q8A5U3	PF02867;	BT_2145
Q8A5V6	PF03167;	ung BT_2130
Q8A5V7	PF03590;	asnA BT_2129
Q8A607	PF00254;	BT_2079
Q8A612	PF01450;PF07991;	BT_2074
Q8A627	PF03544;	BT_2059
Q8A638	PF00186;	BT_2048
Q8A670	PF16363;	BT_2016
Q8A677	PF00625;	gmk BT_2009
Q8A685	PF17820;PF02163;	BT_2001
Q8A6A6	PF16654;PF01408;	BT_1979
Q8A6B4	PF00199;PF06628;	BT_1971
Q8A6K0	PF01048;	BT_1881
Q8A6M5	PF00291;	BT_1852
Q8A6N3	PF01475;	BT_1844
Q8A6T7	PF03051;	BT_1789
Q8A6Y6	PF17755;PF17760;	BT_1739
Q8A6Z5	PF04321;	BT_1730
Q8A6Z6	PF22042;PF00009;PF16658;	prfC BT_1729
Q8A733	PF01197;	rpmE2 BT_1692
Q8A7D2	PF04023;PF07664;PF17910;PF02421;PF07670;	BT_1592
Q8A7G4	PF01729;PF02749;	BT_1560
Q8A7H5	PF03577;	BT_1549
Q8A7J6	PF00672;PF02518;PF00989;	BT_1528
Q8A7S7	PF02518;PF00512;PF08448;PF13426;PF00072;	BT_1447
Q8A7W6	PF07676;PF03572;PF14684;PF14685;	BT_1408
Q8A7X1	PF13292;PF02779;PF02780;	BT_1403
Q8A7Z5	PF00977;	hisA BT_1379
Q8A801	PF00210;	BT_1373
Q8A810	PF00712;PF02767;PF02768;	BT_1364
Q8A813	PF02463;	BT_1361
Q8A839	PF02875;PF08245;	BT_1335
Q8A841	PF01180;	BT_1333
Q8A845	PF08534;	tpx BT_1329
Q8A857	PF00677;	BT_1317
Q8A878	PF01496;	BT_1296
Q8A8C4	PF01025;	grpE BT_1243
Q8A8D9	PF06874;	fbp BT_1228
Q8A8E3	PF16363;	gmd BT_1224
Q8A8E7	PF01182;	pgl BT_1220
Q8A8E9	PF02586;	BT_1218
Q8A8K6	PF03051;	BT_1161
Q8A8K7	PF24836;PF05896;PF11973;	nqrA BT_1160
Q8A8M2	PF02527;	rsmG BT_1145
Q8A988	PF03129;PF09180;PF00587;	proS BT_0929
Q8A999	PF00830;	rpmB BT_0916
Q8A9A0	PF00471;	rpmG BT_0915
Q8A9A4	PF00216;	BT_0911
Q8A9B1	PF13584;	BT_0904
Q8A9B7	PF00004;PF07724;PF17871;PF02861;PF10431;	BT_0898
Q8A9C2	PF01746;	trmD BT_0893
Q8A9H9	PF05362;	BT_0836
Q8A9I3	PF13740;PF21086;PF12710;	BT_0832
Q8A9I4	PF00270;PF00271;	BT_0831
Q8A9I6	PF00984;PF03720;PF03721;	BT_0829
Q8A9M2	PF01261;	xylA BT_0793
Q8A9M6	PF00698;	BT_0789
Q8A9P4	PF00128;PF02806;PF02922;	BT_0771
Q8A9S8	PF01268;	fhs BT_0737
Q8A9U4	PF00570;PF14493;PF05970;	BT_0721
Q8A9Y4	PF00672;PF02518;PF00512;	BT_0681
Q8AA10	PF02777;PF00081;	BT_0655
Q8AA22	PF01938;PF05958;	BT_0643
Q8AA47	PF01512;PF13237;PF13375;PF10531;	rnfC BT_0618
Q8AA51	PF13614;PF13807;PF02706;	BT_0614
Q8AA66	PF00984;PF03720;PF03721;	BT_0599
Q8AA76	PF02096;PF14849;	yidC BT_0589
Q8AA87	PF17755;PF17760;	BT_0578
Q8AAB4	PF00733;PF13537;	BT_0551
Q8AAD2	PF00291;	trpB BT_0533
Q8AAD8	PF00290;	trpA BT_0527
Q8AAD9	PF00710;PF17763;	BT_0526
Q8AAE8	PF00258;	BT_0517
Q8AAN9	PF00453;	rplT BT_0425
Q8AAP1	PF00707;PF05198;	infC BT_0423
Q8AAP4	PF01327;	def BT_0420
Q8AAP5	PF03652;	BT_0419
Q8AAT3	PF08485;PF02719;	BT_0381
Q8AAT5	PF00984;PF03720;PF03721;	BT_0379
Q8AAW4	PF06964;	BT_0348
Q8AAZ8	PF06325;	prmA BT_0314
Q8AB03	PF07992;PF02852;	BT_0309
Q8AB53	PF01182;PF02585;	BT_0258
Q8AB67	PF00149;PF12320;	sbcD BT_0244
Q8AB73	PF10459;	BT_0237
Q8AB74	PF10459;	BT_0236
Q8AB95	PF01475;	BT_0215
Q8ABA8	PF00155;	hisC BT_0202
Q8ABD1	PF01668;	smpB BT_0179
E7MCA7	PF01165;	rpsU BT_2742a
G8JZS9	PF00027;PF13545;	BT_4338
Q89YH6		BT_4756
Q89YJ1		BT_4741
Q89YJ8	PF01381;	BT_4733
Q89YL6	PF00210;	BT_4715
Q89YM4	PF13715;PF07715;PF07660;PF00593;	BT_4707
Q89YN2	PF03061;PF08282;	BT_4699
Q89YP3	PF21088;PF00924;PF21082;	BT_4688
Q89YQ4	PF11396;	BT_4677
Q89YQ5	PF11396;	BT_4676
Q89YQ6	PF14099;	BT_4675
Q89YR4	PF16355;PF18565;PF00703;PF02836;PF02837;	BT_4667
Q89YS0	PF16319;	BT_4661
Q89YS4	PF07940;PF16889;	BT_4657
Q89YT2		BT_4649
Q89YW4	PF17293;PF13102;PF00589;	BT_4617
Q89YW8		BT_4613
Q89YX3	PF08837;	BT_4607
Q89YY1	PF00126;PF03466;	BT_4599
Q89YY2	PF20326;	BT_4598
Q89YY5	PF18347;PF21186;	BT_4595
Q89YY8	PF02699;	BT_4592
Q89YZ0	PF11680;	BT_4590
Q89YZ3	PF01479;	BT_4587
Q89Z20	PF07676;PF13432;	BT_4557
Q89Z23	PF01048;	BT_4554
Q89Z37	PF01420;	BT_4540
Q89Z38	PF13310;	BT_4539
Q89Z40	PF07510;PF03235;	BT_4537
Q89Z41	PF18899;	BT_4536
Q89Z44		BT_4533
Q89Z50		BT_4527
Q89Z57	PF01420;	BT_4520
Q89Z58	PF17761;PF06250;	BT_4519
Q89Z69	PF02810;	BT_4508
Q89Z70	PF13354;	BT_4507
Q89Z74	PF01575;	BT_4503
Q89ZA2		BT_4475
Q89ZA9	PF03960;	BT_4468
Q89ZB2	PF13715;PF00092;PF12450;PF12034;	BT_4465
Q89ZB9	PF08543;	BT_4458
Q89ZC0	PF02589;	BT_4457
Q89ZD2	PF09820;PF08011;	BT_4445
Q89ZE3		BT_4434
Q89ZF7	PF08450;	BT_4420
Q89ZG6	PF15425;	BT_4411
Q89ZH1	PF16141;	BT_4406
Q89ZI7	PF03483;	BT_4390
Q89ZJ5	PF16115;	BT_4382
Q89ZK1	PF04390;	BT_4376
Q89ZK6	PF13616;PF13623;	BT_4371
Q89ZK9		BT_4368
Q89ZM0	PF13715;PF07715;PF00593;	BT_4357
Q89ZM8		BT_4349
Q89ZN2	PF00575;	BT_4345
Q89ZP1	PF16584;	BT_4335
Q89ZP3	PF16702;	BT_4333
Q89ZP5	PF10672;PF17785;	BT_4331
Q89ZQ2		BT_4324
Q89ZQ4	PF00781;PF19279;	BT_4322
Q89ZQ6	PF00675;PF05193;	BT_4320
Q89ZQ7	PF18940;	BT_4319
Q89ZR0	PF01963;	BT_4316
Q89ZR1	PF13419;	BT_4315
Q89ZR6	PF10418;PF14691;PF00175;PF07992;	BT_4310
Q89ZR9	PF08323;	BT_4307
Q89ZS6	PF00027;PF13545;	BT_4300
Q89ZT3	PF09820;PF08011;	BT_4293
Q89ZU9	PF13004;PF13402;PF18630;	BT_4272
Q89ZV9	PF01432;	BT_4262
Q89ZW7	PF09976;	BT_4254
Q89ZX2		BT_4249
Q89ZY2	PF11644;	BT_4239
Q8A006	PF08501;	BT_4215
Q8A007	PF00326;	BT_4214
Q8A009	PF04011;	BT_4212
Q8A016	PF13720;PF00132;	BT_4205
Q8A017	PF07929;	BT_4204
Q8A020	PF05569;	BT_4201
Q8A028	PF00930;PF00326;	BT_4193
Q8A035	PF16153;	BT_4186
Q8A036	PF17851;PF04616;	BT_4185
Q8A037	PF13419;	BT_4184
Q8A047	PF07470;	BT_4174
Q8A048	PF00657;PF13472;	BT_4173
Q8A050		BT_4171
Q8A053	PF07715;	BT_4168
Q8A075	PF12708;	BT_4146
Q8A090	PF08282;	BT_4131
Q8A092	PF05170;PF13502;	BT_4129
Q8A095	PF00258;PF19583;	BT_4126
Q8A096	PF04055;PF16199;	BT_4125
Q8A099	PF14322;PF07980;	BT_4122
Q8A0A0	PF13715;PF07715;	BT_4121
Q8A0A7	PF13715;PF07715;PF00593;	BT_4114
Q8A0C5	PF13472;	BT_4096
Q8A0E1	PF01436;PF01833;	BT_4080
Q8A0E8	PF07971;PF17678;	BT_4073
Q8A0F8	PF12838;	BT_4063
Q8A0H2	PF03308;	BT_4049
Q8A0H3	PF07610;PF22544;	BT_4048
Q8A0H4	PF00207;PF17973;PF01835;	BT_4047
Q8A0H5	PF09820;PF08011;	BT_4046
Q8A0H6	PF07687;PF01546;	BT_4045
Q8A0I2	PF13715;PF07715;	BT_4039
Q8A0I5		BT_4036
Q8A0L1		BT_4010
Q8A0M0	PF17762;PF23552;PF02195;	BT_4001
Q8A0M2	PF01476;PF01464;	BT_3999
Q8A0M3	PF13291;PF13328;PF19296;PF04607;PF02824;	BT_3998
Q8A0M4	PF13411;	BT_3997
Q8A0M9	PF04773;PF16344;	BT_3992
Q8A0P2	PF03602;	BT_3979
Q8A0P7	PF12833;	BT_3974
Q8A0Q0	PF00255;	BT_3971
Q8A0Q5	PF04397;PF00072;	BT_3966
Q8A0Q6	PF07971;PF17678;	BT_3965
Q8A0Q8	PF07971;PF17678;	BT_3963
Q8A0Q9	PF07971;PF17678;	BT_3962
Q8A0S3	PF01368;	BT_3948
Q8A0S9	PF13279;	BT_3942
Q8A0U1	PF05036;	BT_3930
Q8A0U4	PF07659;	BT_3927
Q8A0U9	PF01965;	BT_3922
Q8A0V1	PF02472;	BT_3920
Q8A0V2	PF01618;	BT_3919
Q8A0V7		BT_3914
Q8A0V9		BT_3912
Q8A0W3	PF07728;	BT_3908
Q8A0W7	PF16576;	BT_3904
Q8A0W8	PF12698;	BT_3903
Q8A0X3	PF05569;PF03544;	BT_3898
Q8A0X5	PF03544;	BT_3896
Q8A0Y2	PF00082;	BT_3889
Q8A0Y6	PF00149;	BT_3885
Q8A0Z2	PF01253;	BT_3879
Q8A102	PF03883;	BT_3869
Q8A103	PF00728;PF02838;	BT_3868
Q8A113	PF07971;PF17678;	BT_3858
Q8A122	PF13100;	BT_3849
Q8A123	PF00639;PF13616;	BT_3848
Q8A130	PF05697;	BT_3841
Q8A131	PF00076;	BT_3840
Q8A132	PF00005;	BT_3839
Q8A134	PF00005;	BT_3837
Q8A139	PF02620;	BT_3832
Q8A148	PF04468;	BT_3819
Q8A156	PF01431;PF05649;	BT_3811
Q8A157	PF05649;	BT_3810
Q8A158	PF00005;PF12848;	BT_3809
Q8A164	PF00675;PF05193;	BT_3803
Q8A185	PF06824;	BT_3781
Q8A192	PF09261;PF00754;PF17677;PF07748;PF01074;	BT_3774
Q8A193	PF07971;PF17678;	BT_3773
Q8A194	PF00849;	BT_3772
Q8A197	PF16231;	BT_3769
Q8A1A5	PF00583;	BT_3761
Q8A1A8	PF00202;	BT_3758
Q8A1B0	PF07883;PF01381;	BT_3756
Q8A1B1	PF00501;PF13193;	BT_3755
Q8A1D4		BT_3732
Q8A1E3	PF03938;	BT_3723
Q8A1F2	PF01553;	BT_3714
Q8A1F5	PF03793;	BT_3711
Q8A1G4		BT_3697
Q8A1G5	PF01883;	BT_3696
Q8A1G7	PF00535;	BT_3694
Q8A1H2	PF09924;	BT_3689
Q8A1H5	PF15892;	BT_3686
Q8A1H6	PF04616;	BT_3685
Q8A1I1	PF13715;PF07715;	BT_3680
Q8A1I6	PF04616;	BT_3675
Q8A1J6	PF01120;PF16757;	BT_3665
Q8A1L2	PF01523;PF19290;PF19289;	BT_3649
Q8A1M2	PF00899;	BT_3639
Q8A1M4	PF09820;PF08011;	BT_3637
Q8A1N0		BT_3629
Q8A1N1	PF16357;	BT_3628
Q8A1N2	PF00005;	BT_3627
Q8A1N4	PF16149;	BT_3625
Q8A1N8	PF08486;	BT_3621
Q8A1S2	PF01182;	BT_3587
Q8A1S3	PF01408;	BT_3586
Q8A1S8	PF01408;PF19051;	BT_3581
Q8A1U9	PF19580;	BT_3559
Q8A1V6	PF03462;PF00472;	BT_3552
Q8A1V9	PF07687;PF01546;	BT_3549
Q8A1X2	PF09832;	BT_3536
Q8A1Y0	PF06824;	BT_3528
Q8A1Y4	PF03663;	BT_3524
Q8A1Z0	PF04773;PF16344;	BT_3518
Q8A1Z3	PF04616;	BT_3515
Q8A1Z9		BT_3509
Q8A221	PF00884;	BT_3487
Q8A225	PF13715;PF07715;	BT_3483
Q8A237	PF06439;	BT_3469
Q8A242	PF01551;	BT_3464
Q8A246	PF01966;PF13286;	BT_3460
Q8A263	PF09424;	BT_3443
Q8A266		BT_3440
Q8A274	PF09820;PF08011;	BT_3432
Q8A279	PF11307;	BT_3427
Q8A297	PF01458;PF19295;	BT_3408
Q8A298	PF00005;	BT_3407
Q8A299	PF01458;PF19295;	BT_3406
Q8A2A5		BT_3400
Q8A2B7	PF00535;PF09594;	BT_3388
Q8A2B8	PF01522;	BT_3387
Q8A2B9	PF00664;PF00005;	BT_3386
Q8A2C9	PF01041;	BT_3376
Q8A2D0	PF00155;	BT_3375
Q8A2D1	PF02786;	BT_3374
Q8A2D9	PF00535;	BT_3366
Q8A2E1		BT_3364
Q8A2F0	PF03321;PF23572;PF23571;	BT_3355
Q8A2F3	PF08282;	BT_3352
Q8A2G2	PF03061;	BT_3343
Q8A2G3	PF11306;	BT_3342
Q8A2G8	PF02321;	BT_3337
Q8A2I2	PF22057;	BT_3323
Q8A2I8	PF08889;	BT_3317
Q8A2J1	PF14310;PF00933;PF01915;	BT_3314
Q8A2J8	PF03641;	BT_3307
Q8A2K0	PF00294;	BT_3305
Q8A2L1	PF14509;PF14508;PF10566;	BT_3294
Q8A2L7	PF04087;	BT_3288
Q8A2M3	PF16313;PF17148;PF17162;	BT_3282
Q8A2M9	PF16313;PF17148;PF17162;	BT_3276
Q8A2N0	PF16313;PF17148;PF17162;	BT_3275
Q8A2P1	PF03819;	BT_3264
Q8A2P4	PF00348;	BT_3261
Q8A2Q1	PF00930;PF00326;	BT_3254
Q8A2Q6	PF01297;	BT_3249
Q8A2S9	PF02602;	BT_3226
Q8A2T1	PF03641;	BT_3224
Q8A2U0		BT_3215
Q8A2W2	PF13336;PF02550;	BT_3193
Q8A2W6		BT_3189
Q8A2Y6	PF17137;PF00754;PF00041;PF13802;PF01055;PF21365;	BT_3169
Q8A2Z3	PF16387;PF03009;	BT_3162
Q8A303	PF21247;PF13749;PF04326;	BT_3152
Q8A309		BT_3146
Q8A310		BT_3145
Q8A343	PF12146;	BT_3112
Q8A352	PF13715;PF07715;PF00593;	BT_3103
Q8A364	PF19904;	BT_3091
Q8A365	PF13715;PF07715;	BT_3090
Q8A368	PF13199;	BT_3087
Q8A370	PF17137;PF01055;PF21365;	BT_3085
Q8A371	PF20434;	BT_3084
Q8A377	PF12900;	BT_3078
Q8A380	PF01370;	BT_3075
Q8A383	PF01136;	BT_3072
Q8A384	PF13279;	BT_3071
Q8A386	PF00085;	BT_3069
Q8A399	PF13085;PF12838;	BT_3055
Q8A3A0	PF00890;PF02910;	BT_3054
Q8A3A1		BT_3053
Q8A3A3	PF00884;	BT_3051
Q8A3A7	PF01833;	BT_3047
Q8A3A8	PF13715;PF07715;	BT_3046
Q8A3B4	PF13310;	BT_3040
Q8A3B9	PF22694;PF13180;PF03572;	BT_3035
Q8A3C4	PF00149;PF16371;PF13360;PF13570;	BT_3030
Q8A3D1	PF01663;	BT_3023
Q8A3E8	PF20103;	BT_3006
Q8A3F1	PF13676;	BT_3003
Q8A3F6		BT_2998
Q8A3H6	PF01037;PF13404;	BT_2978
Q8A3J3	PF13472;	BT_2961
Q8A3J5	PF04616;	BT_2959
Q8A3J6	PF17829;PF15979;	BT_2958
Q8A3K7	PF00535;	BT_2947
Q8A3K8	PF13439;PF00534;	BT_2946
Q8A3K9	PF00984;PF03720;PF03721;	BT_2945
Q8A3M2	PF00717;PF07022;	BT_2932
Q8A3Q5		BT_2899
Q8A3Q6	PF04616;	BT_2898
Q8A3R2	PF13088;	BT_2892
Q8A3W7	PF02775;	BT_2837
Q8A3Y9	PF00293;	BT_2815
Q8A3Z4	PF03372;PF00149;PF16656;	BT_2810
Q8A406	PF17820;PF03572;	BT_2798
Q8A408	PF09586;	BT_2796
Q8A413	PF14681;	BT_2791
Q8A422	PF00501;PF13193;	BT_2782
Q8A423	PF00483;	BT_2781
Q8A444	PF11387;	BT_2759
Q8A453	PF01451;	BT_2750
Q8A467	PF00466;	BT_2736
Q8A4A5		BT_2698
Q8A4A8	PF20201;	BT_2695
Q8A4B6	PF16576;	BT_2687
Q8A4B7	PF00873;	BT_2686
Q8A4C0		BT_2683
Q8A4D1	PF01618;	BT_2668
Q8A4D6	PF13432;PF07719;PF13181;	BT_2663
Q8A4H0	PF07971;PF17678;	BT_2629
Q8A4J3	PF17761;PF06250;	BT_2606
Q8A4M2	PF13365;	BT_2577
Q8A4M6	PF13520;	BT_2573
Q8A4N3	PF01230;	BT_2566
Q8A4N5	PF14289;PF13905;	BT_2564
Q8A4P9	PF04389;	BT_2548
Q8A4Q0	PF02657;	BT_2547
Q8A4Q1	PF13443;	BT_2546
Q8A4Q5	PF00702;	BT_2542
Q8A4R9	PF02690;PF01895;	BT_2528
Q8A4S3	PF05592;PF17389;PF17390;PF08531;	BT_2524
Q8A4U2	PF17783;PF13509;	BT_2505
Q8A4U3	PF14771;	BT_2504
Q8A4U7	PF12930;	BT_2500
Q8A4U9	PF02321;	BT_2498
Q8A4W9	PF06537;	BT_2478
Q8A4X2	PF01042;	BT_2475
Q8A506	PF02872;	BT_2441
Q8A516		BT_2431
Q8A527	PF03739;	BT_2417
Q8A537	PF21688;PF01494;	BT_2407
Q8A539	PF13173;	BT_2405
Q8A544	PF03352;	BT_2400
Q8A572	PF12867;	BT_2370
Q8A581	PF01381;	BT_2361
Q8A5G1		BT_2278
Q8A5G5		BT_2274
Q8A5I5	PF09492;	BT_2254
Q8A5I6	PF02321;	BT_2253
Q8A5M3		BT_2215
Q8A5N9	PF07971;PF17678;	BT_2199
Q8A5Q9	PF09640;PF01713;	BT_2179
Q8A5R4	PF00005;	BT_2174
Q8A5S9	PF01408;PF22725;	BT_2159
Q8A5T2	PF01261;	BT_2156
Q8A5T3		BT_2155
Q8A5T5	PF04055;PF00919;	BT_2153
Q8A5T7	PF00535;	BT_2151
Q8A5U0	PF00534;	BT_2148
Q8A5U4	PF00881;	BT_2144
Q8A5U6	PF02470;	BT_2142
Q8A5V1	PF20732;PF07075;	BT_2135
Q8A5V2	PF01966;	BT_2134
Q8A5V3	PF19838;	BT_2133
Q8A5V9	PF13419;	BT_2127
Q8A5W0		BT_2126
Q8A5X7	PF16323;PF16391;PF17166;	BT_2109
Q8A5Y8	PF01497;	BT_2098
Q8A600	PF02275;	BT_2086
Q8A601	PF07687;PF01546;	BT_2085
Q8A623	PF03413;PF03929;	BT_2063
Q8A631	PF01618;	BT_2055
Q8A633	PF02472;	BT_2053
Q8A634	PF02472;	BT_2052
Q8A636	PF16217;PF09471;	BT_2050
Q8A644	PF01189;PF17125;PF13636;	BT_2042
Q8A650	PF06414;	BT_2036
Q8A651	PF00005;PF12848;	BT_2035
Q8A652	PF00072;	BT_2034
Q8A656	PF12784;	BT_2030
Q8A678	PF08340;PF03755;	BT_2008
Q8A6A8	PF12954;	BT_1977
Q8A6B6	PF12833;	BT_1968
Q8A6E7	PF21012;	BT_1937
Q8A6E8		BT_1936
Q8A6E9	PF13646;	BT_1935
Q8A6G0	PF13483;	BT_1924
Q8A6H6	PF22219;PF20893;	BT_1908
Q8A6I9		BT_1895
Q8A6J4	PF00076;	BT_1887
Q8A6J5	PF03060;	BT_1886
Q8A6J7	PF00313;	BT_1884
Q8A6K3	PF07971;PF17678;	BT_1878
Q8A6L5		BT_1862
Q8A6L9	PF22617;PF00682;PF08502;	BT_1858
Q8A6M1	PF16023;PF20264;	BT_1856
Q8A6M6	PF13432;PF13181;	BT_1851
Q8A6N1	PF03571;	BT_1846
Q8A6N8		BT_1839
Q8A6N9	PF00326;	BT_1838
Q8A6P3	PF02906;PF00037;PF12838;	BT_1834
Q8A6R1	PF01212;	BT_1815
Q8A6R4	PF00226;PF01556;	BT_1812
Q8A6R6	PF13185;	BT_1810
Q8A6R8		BT_1808
Q8A6V7	PF07971;PF17678;	BT_1769
Q8A6V8	PF00703;PF02836;PF02837;	BT_1768
Q8A6W7	PF16352;PF08244;PF00251;	BT_1759
Q8A6X0	PF07661;	BT_1755
Q8A6X9	PF13173;	BT_1746
Q8A6Y8	PF02638;	BT_1737
Q8A6Z4	PF16271;	BT_1731
Q8A6Z8	PF04773;	BT_1727
Q8A725	PF09820;	BT_1700
Q8A734	PF01116;	BT_1691
Q8A735	PF13432;PF14559;PF13174;	BT_1690
Q8A738	PF00932;PF04277;	BT_1687
Q8A740	PF13669;	BT_1685
Q8A742	PF13715;PF07715;	BT_1683
Q8A743	PF14322;PF07980;	BT_1682
Q8A744	PF00484;	BT_1681
Q8A747	PF10728;PF03807;	BT_1678
Q8A750	PF13432;PF13181;	BT_1675
Q8A758		BT_1667
Q8A760	PF14114;	BT_1665
Q8A763	PF00005;	BT_1662
Q8A783	PF09820;PF08011;	BT_1642
Q8A789	PF00884;	BT_1636
Q8A791	PF01636;PF22740;	BT_1634
Q8A792	PF00483;	BT_1633
Q8A7A1	PF00884;	BT_1624
Q8A7A6	PF13715;PF07715;PF07660;PF00593;	BT_1619
Q8A7D0	PF13237;	BT_1594
Q8A7D3		BT_1591
Q8A7E1	PF08534;	BT_1583
Q8A7E5	PF14730;	BT_1579
Q8A7G1	PF01966;	BT_1563
Q8A7H3	PF16313;PF17148;PF17162;	BT_1551
Q8A7H4		BT_1550
Q8A7I5	PF00383;	BT_1539
Q8A7J0	PF10988;	BT_1534
Q8A7J5	PF02954;PF00072;PF00158;	BT_1529
Q8A7M1	PF13102;PF00589;	BT_1503
Q8A7M5	PF00216;	BT_1499
Q8A7M8	PF00571;PF01595;PF03471;	BT_1496
Q8A7N9	PF17127;PF13905;	BT_1485
Q8A7P4	PF12712;PF12713;	BT_1480
Q8A7P5	PF00005;PF16326;PF12848;	BT_1479
Q8A7R8	PF00085;	BT_1456
Q8A7S2	PF12984;PF00691;	BT_1452
Q8A7U6	PF03992;	BT_1428
Q8A7W8	PF00440;	BT_1406
Q8A7X4	PF01738;	BT_1400
Q8A7Y1	PF02311;PF02627;	BT_1393
Q8A7Z2	PF01965;	BT_1382
Q8A805	PF14254;	BT_1369
Q8A807	PF12706;	BT_1367
Q8A808	PF11832;	BT_1366
Q8A809	PF11325;	BT_1365
Q8A814	PF00588;PF08032;	BT_1360
Q8A815	PF13432;PF09976;PF13365;	BT_1359
Q8A822	PF00534;	BT_1352
Q8A823	PF00483;	BT_1351
Q8A824	PF16363;	BT_1350
Q8A829	PF14305;	BT_1345
Q8A830	PF13439;PF00534;	BT_1344
Q8A838	PF01042;	BT_1336
Q8A843	PF14902;	BT_1331
Q8A848	PF13424;PF14559;PF13181;	BT_1326
Q8A858	PF00881;	BT_1316
Q8A860	PF00877;PF18348;	BT_1314
Q8A862	PF13180;PF13365;	BT_1312
Q8A864	PF13645;	BT_1310
Q8A865		BT_1309
Q8A873		BT_1301
Q8A876	PF00006;PF02874;PF22919;	BT_1298
Q8A877	PF01813;	BT_1297
Q8A880	PF05693;	BT_1294
Q8A8A9	PF13508;	BT_1258
Q8A8B0		BT_1257
Q8A8B1	PF09862;PF22747;	BT_1256
Q8A8C5	PF00005;PF12848;	BT_1242
Q8A8C7	PF13306;	BT_1240
Q8A8E8	PF20628;PF04261;	BT_1219
Q8A8G3	PF13715;PF18939;	BT_1204
Q8A8G4	PF02350;	BT_1203
Q8A8G7	PF14059;	BT_1200
Q8A8G9	PF04011;	BT_1198
Q8A8K5	PF01103;	BT_1162
Q8A8L5	PF00389;PF02826;	BT_1152
Q8A8L9	PF00881;	BT_1148
Q8A8M1	PF00753;	BT_1146
Q8A8M5		BT_1142
Q8A8Q2	PF00248;	BT_1115
Q8A8T1	PF03169;	BT_1086
Q8A8T3	PF16270;	BT_1084
Q8A8U0	PF00155;	BT_1077
Q8A8U6		BT_1071
Q8A8U8	PF02195;	BT_1069
Q8A8V7		BT_1060
Q8A8W0	PF12705;	BT_1057
Q8A8W1	PF03544;	BT_1056
Q8A8Y5	PF07971;PF17678;	BT_1032
Q8A8Y8	PF13715;PF07715;	BT_1029
Q8A8Z4		BT_1023
Q8A902	PF13561;	BT_1015
Q8A910	PF10988;	BT_1007
Q8A919	PF13185;PF02518;PF00512;PF08447;PF13426;	BT_0998
Q8A931	PF17132;PF22666;	BT_0986
Q8A979		BT_0938
Q8A994	PF11396;	BT_0923
Q8A996	PF04357;	BT_0921
Q8A9A5	PF07726;PF17863;	BT_0910
Q8A9A7		BT_0908
Q8A9A8	PF07584;PF00092;	BT_0907
Q8A9A9	PF07584;PF00092;	BT_0906
Q8A9B2	PF00515;	BT_0903
Q8A9B3		BT_0902
Q8A9B5	PF13414;	BT_0900
Q8A9C6	PF06144;	BT_0889
Q8A9D2	PF02591;	BT_0883
Q8A9D3	PF01784;	BT_0882
Q8A9E0	PF00795;	BT_0875
Q8A9E4	PF00781;PF19279;	BT_0871
Q8A9F0	PF08522;PF00754;	BT_0865
Q8A9F9	PF02954;PF00072;PF00158;	BT_0856
Q8A9G2	PF13649;	BT_0853
Q8A9G7		BT_0848
Q8A9H8	PF00004;PF22667;PF02190;	BT_0837
Q8A9I8	PF18174;PF18175;PF05036;	BT_0827
Q8A9I9	PF00498;	BT_0826
Q8A9J5		BT_0820
Q8A9K4	PF22435;PF00588;	BT_0811
Q8A9K8	PF01258;	BT_0807
Q8A9L1	PF00583;PF00795;	BT_0804
Q8A9N0	PF00120;PF03951;	BT_0785
Q8A9N1	PF00076;	BT_0784
Q8A9N8		BT_0777
Q8A9P5	PF04074;	BT_0770
Q8A9P9	PF13181;	BT_0766
Q8A9Q8	PF16355;PF00703;PF02836;PF02837;	BT_0757
Q8A9R5	PF19355;PF00072;	BT_0750
Q8A9R8	PF02493;	BT_0747
Q8A9R9	PF00675;PF05193;	BT_0746
Q8A9W3	PF00302;	BT_0702
Q8A9W8	PF13419;	BT_0697
Q8A9X1	PF00005;	BT_0694
Q8A9X5	PF02954;PF00072;PF00158;	BT_0690
Q8A9X7	PF00027;PF13545;	BT_0688
Q8A9Y1	PF00501;PF23562;	BT_0684
Q8A9Y8	PF00085;	BT_0677
Q8A9Z0	PF01979;	BT_0675
Q8AA09		BT_0656
Q8AA30	PF03965;	BT_0635
Q8AA34	PF09719;	BT_0631
Q8AA38	PF20772;PF01709;	BT_0627
Q8AA53	PF01041;	BT_0612
Q8AA62	PF04230;	BT_0603
Q8AA63	PF00984;PF03720;PF03721;	BT_0602
Q8AA64	PF02350;	BT_0601
Q8AA69	PF02357;	BT_0596
Q8AA78	PF07676;PF00326;	BT_0587
Q8AA85	PF00854;	BT_0580
Q8AA86	PF04073;	BT_0579
Q8AA88	PF01476;	BT_0577
Q8AA91	PF01192;	BT_0574
Q8AA93	PF19571;	BT_0572
Q8AA96	PF13472;	BT_0569
Q8AAA7	PF22640;PF00483;	BT_0558
Q8AAB5	PF03009;	BT_0550
Q8AAB9		BT_0546
Q8AAC6	PF03600;PF02080;	BT_0539
Q8AAE6	PF01814;	BT_0519
Q8AAE7	PF01808;	BT_0518
Q8AAG9	PF13715;PF07715;PF00593;	BT_0496
Q8AAH0	PF02514;	BT_0495
Q8AAH1	PF02514;	BT_0494
Q8AAH3	PF01618;	BT_0492
Q8AAH7	PF00294;	BT_0488
Q8AAH8	PF00356;PF13407;	BT_0487
Q8AAK7	PF13472;PF03629;	BT_0457
Q8AAL6	PF16370;PF16371;	BT_0448
Q8AAL7	PF16373;PF02638;PF03629;	BT_0447
Q8AAM3	PF08522;PF00754;	BT_0441
Q8AAM9	PF14488;	BT_0435
Q8AAN5	PF01558;	BT_0429
Q8AAP3	PF00515;PF13414;PF13432;	BT_0421
Q8AAP7	PF13201;	BT_0417
Q8AAQ5	PF00106;	BT_0409
Q8AAT1	PF02350;	BT_0383
Q8AAT2	PF01370;	BT_0382
Q8AAU0	PF09820;PF08011;	BT_0374
Q8AAV1	PF14322;PF07980;	BT_0363
Q8AAV2	PF13620;PF07715;PF00593;	BT_0362
Q8AAW3	PF07944;PF16375;PF20620;PF20736;	BT_0349
Q8AAW6	PF02502;	BT_0346
Q8AAW9	PF01208;	BT_0343
Q8AAX8	PF00515;	BT_0334
Q8AAY1	PF17147;PF01855;	BT_0331
Q8AAY2	PF02775;	BT_0330
Q8AAY3	PF01558;	BT_0329
Q8AAY5	PF00497;	BT_0327
Q8AAZ0	PF01408;PF22725;	BT_0322
Q8AAZ1	PF00383;	BT_0321
Q8AAZ9	PF00258;	BT_0313
Q8AB06	PF02321;	BT_0306
Q8AB09	PF19143;PF01734;	BT_0303
Q8AB54		BT_0257
Q8AB55		BT_0256
Q8AB62	PF02965;	BT_0249
Q8AB66	PF13476;PF13558;	BT_0245
Q8AB69		BT_0242
Q8AB89	PF13173;PF13635;	BT_0221
Q8AB93	PF00881;	BT_0217
Q8ABC5	PF07876;	BT_0185
Q8ABD4	PF14300;	BT_0176
Q8ABE1	PF03372;	BT_0169
Q8ABE5	PF00254;	BT_0165
Q8ABE6	PF00207;PF07703;PF11974;PF17972;PF17962;PF01835;	BT_0164
Q8ABF3	PF14059;	BT_0157
Q8ABF8	PF00756;	BT_0152
Q8ABF9	PF09413;	BT_0151
Q8ABH2	PF12833;PF07494;PF07495;	BT_0138
Q8ABH8	PF14509;PF14508;PF10566;	BT_0132
Q8ABK4	PF01872;	BT_0106
Q8ABM7		BT_0083
Q8ABP4	PF00691;	BT_0066
Q8ABV1	PF12849;	BT_0009
Q8ABV2		BT_0008
Q8ABW6		BT_p548232
Q8ABW7	PF13614;	BT_p548231
Q8ABW8		BT_p548230
Q8ABY2	PF13595;	BT_p548216
Q8ABZ0	PF02534;	BT_p548208
Q8ABZ3	PF21205;PF01051;	BT_p548205
Q8ABZ5		BT_p548203
Q8ABZ6		BT_p548202
Q8ABZ7		BT_p548201
G8JZT0	PF14292;PF16411;	susE BT_3700
Q89ZI2	PF18344;PF02838;PF21809;PF07555;	BT_4395
Q8A1G2	PF07980;	susD BT_3701
Q8A1G3	PF00128;PF23915;PF20756;	susG BT_3698
Q8A2I1	PF02278;PF09093;PF09092;	chonabc BT_3324
Q89ZJ4	PF01256;PF03853;	nnrD nnrE BT_4383
Q8A015	PF07977;PF03331;	lpxC/fabZ BT_4206
Q8A1G1	PF13715;PF07715;PF00593;	susC BT_3702
Q8A4U8	PF01625;PF01641;	msrA msrB BT_2499
Q8A7J8	PF01658;PF07994;	BT_1526
Q8A947	PF00702;	BT_0970
Q8AA75	PF06418;PF00117;	pyrG BT_0590
Q8AAA9	PF00988;PF00117;	carA BT_0556
Q89YN0	PF02775;PF16582;PF02776;	menD BT_4701
Q89YQ1	PF20297;PF00488;PF01713;	mutS2 rqcU BT_4680
Q89YR9	PF07940;PF16889;	hepC BT_4662
Q89YW6	PF00012;	dnaK BT_4615
Q89YY3	PF00004;PF07724;PF17871;PF02861;PF10431;	clpB BT_4597
Q89Z05	PF00113;PF03952;	eno BT_4572
Q89ZI9	PF01018;PF01926;	obg BT_4388
Q8A0C0	PF00842;PF01168;PF08245;	BT_4101
Q8A0F5	PF01058;	nuoB BT_4066
Q8A0L8	PF01975;	surE BT_4003
Q8A0S5	PF00834;	rpe BT_3946
Q8A0X7	PF02390;	trmB BT_3894
Q8A127	PF00270;PF00271;PF00570;PF21220;PF16124;PF09382;	BT_3844
Q8A1A2	PF06134;	rhaA BT_3764
Q8A1A7	PF01118;PF22698;	argC BT_3759
Q8A1D5	PF00156;	pyrE BT_3731
Q8A1D8	PF00383;PF01872;	BT_3728
Q8A1E9	PF00185;PF02729;	argF' BT_3717
Q8A1X6	PF01263;	BT_3532
Q8A1X9	PF01263;	BT_3529
Q8A256	PF02875;PF08245;PF21799;PF21377;	murD BT_3450
Q8A258	PF04101;PF03033;	murG BT_3448
Q8A294	PF03030;	hppA BT_3411
Q8A2F4	PF23493;PF09190;PF01406;	cysS BT_3351
Q8A2S4	PF04962;	kduI1 BT_3231
Q8A2T6	PF02773;PF02772;PF00438;	metK BT_3219
Q8A2U2	PF16198;PF01509;	truB BT_3213
Q8A2W0	PF04055;PF01938;PF00919;	miaB BT_3195
Q8A3M1	PF19303;PF09334;PF01588;	metG BT_2933
Q8A3W2	PF01220;	aroQ BT_2842
Q8A3W9	PF07549;PF21760;PF02355;PF22599;	secD secF BT_2835
Q8A3X7	PF01131;PF01751;PF13368;	topA BT_2827
Q8A407	PF05221;PF00670;	ahcY BT_2797
Q8A469	PF04563;PF04561;PF04565;PF10385;PF00562;PF04560;	rpoB BT_2734
Q8A470	PF04997;PF00623;PF04983;PF05000;PF04998;	rpoC BT_2733
Q8A4A2	PF01000;PF03118;PF01193;	rpoA BT_2701
Q8A4A9	PF01175;PF17392;PF17391;	hutU BT_2694
Q8A4B1	PF07969;	hutI BT_2692
Q8A4N6	PF00013;PF03726;PF01138;PF03725;PF00575;	pnp BT_2563
Q8A4T0	PF04551;	ispG BT_2517
Q8A520	PF00122;PF00702;	kdpB BT_2424
Q8A5G4	PF00265;	tdk BT_2275
Q8A5T1	PF06439;	BT_2157
Q8A5W2	PF00342;	pgi BT_2124
Q8A5W4	PF14229;PF00152;PF01336;	lysS BT_2122
Q8A602	PF01264;	aroC BT_2084
Q8A608	PF00920;	ilvD BT_2078
Q8A615	PF00180;	BT_2071
Q8A624	PF00365;	pfkA2 BT_2062
Q8A6L6	PF22617;PF00682;PF08502;	leuA BT_1861
Q8A6N4	PF00709;	purA BT_1843
Q8A6P8	PF00118;	groEL groL BT_1829
Q8A6Z1	PF02518;PF12833;PF07494;PF00072;PF07495;	BT_1734
Q8A765	PF00300;	gpmA2 BT_1660
Q8A774	PF00106;PF01128;	ispD BT_1651
Q8A7B8	PF00763;PF02882;	folD BT_1607
Q8A8C3	PF00226;PF01556;PF00684;	dnaJ BT_1244
Q8A8E5	PF00393;PF03446;	BT_1222
Q8A8E6	PF02781;PF00479;	zwf BT_1221
Q8A8L4	PF00266;	serC BT_1153
Q8A8M0	PF21478;PF02347;	gcvP BT_1147
Q8A8R2	PF00300;	gpmA1 BT_1105
Q8A8R5	PF00365;	pfkA1 BT_1102
Q8A8W3	PF00580;PF13361;	BT_1054
Q8A997	PF00814;	tsaD gcp BT_0920
Q8A9B6	PF03989;PF00521;	gyrA BT_0899
Q8A9B8	PF13589;PF00183;	htpG BT_0897
Q8A9C1	PF00533;PF01653;PF03120;PF03119;PF12826;PF14520;PF22745;	ligA BT_0894
Q8A9M7	PF08442;PF00549;	sucC BT_0788
Q8A9M8	PF02629;PF00549;	sucD BT_0787
Q8A9S3	PF00185;PF02729;	pyrB BT_0742
Q8A9V4	PF00006;PF02874;PF22919;	atpD BT_0711
Q8A9W1	PF02222;PF21244;PF22660;	purT BT_0704
Q8A9W7	PF02548;	panB BT_0698
Q8AA08	PF21196;PF00580;PF13361;	BT_0657
Q8AA14	PF05690;	thiG BT_0651
Q8AA15	PF13667;PF01964;	thiC BT_0650
Q8AA27	PF00557;	map BT_0638
Q8AA39	PF03483;PF03484;PF03147;PF01588;PF17759;	pheT BT_0626
Q8AA45	PF04205;	rnfG BT_0620
Q8AAB1	PF13522;PF01380;	glmS BT_0554
Q8AAB7	PF01678;	dapF BT_0548
Q8AAB8	PF00155;	dapL BT_0547
Q8AAP2	PF03129;PF02824;PF00587;PF07973;	thrS BT_0422
Q8AAP9	PF22594;PF00009;	cysN BT_0415
Q8AAQ0	PF01507;	cysD BT_0414
Q8AAQ1	PF01583;	cysC BT_0413
Q8AAQ3	PF00459;	cysQ BT_0411
Q8AAV6	PF01263;	BT_0356
Q8ABA5	PF00795;PF02540;	nadE BT_0205
Q8ABB0	PF01634;PF08029;	hisG BT_0200
Q8ABI8	PF08545;PF08541;	fabH1 BT_0122
Q9RQ13	PF02952;PF07881;PF07882;	fucI BT_1273
Q89YR3	PF07745;	BT_4668
Q89YV4	PF07669;	BT_4627
Q89YZ6	PF01571;PF08669;	gcvT BT_4584
Q89YZ8	PF13537;	BT_4582
Q89Z22	PF12127;	floA BT_4555
Q89Z71	PF13302;PF13508;PF00903;	BT_4506
Q89Z89	PF01149;PF06831;	BT_4488
Q89ZG0	PF01966;PF00013;PF12072;	rny BT_4417
Q89ZG1	PF03932;	cutC BT_4416
Q89ZI3	PF00728;PF02838;	BT_4394
Q89ZJ2	PF00854;	BT_4385
Q89ZN9	PF13287;PF00728;PF02838;	BT_4337
Q89ZP0	PF07992;	BT_4336
Q89ZW1	PF00383;	BT_4260
Q89ZW6	PF02463;	recF BT_4255
Q89ZW9	PF01408;PF21252;	BT_4252
Q8A004	PF01259;	purC BT_4217
Q8A005	PF01209;	menG BT_4216
Q8A014	PF00132;PF14602;PF04613;	lpxD BT_4207
Q8A033	PF13561;	BT_4188
Q8A051	PF16380;PF22842;	BT_4170
Q8A069	PF22847;PF02449;PF08533;PF08532;	BT_4152
Q8A070	PF00703;PF02837;	BT_4151
Q8A083	PF00155;	BT_4138
Q8A097	PF02518;PF00512;PF12833;PF07494;PF00072;PF07495;	BT_4124
Q8A0B9	PF02416;	tatA BT_4102
Q8A0L7	PF02684;	BT_4004
Q8A0P6	PF01761;PF24621;	BT_3975
Q8A0T5	PF00800;	BT_3936
Q8A0U6	PF00334;	BT_3925
Q8A0X6	PF01883;PF10609;	BT_3895
Q8A0Z8	PF00152;PF01336;	asnS BT_3873
Q8A105	PF02786;PF02787;PF02142;	BT_3866
Q8A120	PF01119;PF13589;PF08676;	mutL BT_3851
Q8A146	PF02219;	BT_3821
Q8A195	PF13561;	BT_3771
Q8A1A6	PF20979;PF00764;	BT_3760
Q8A1D3	PF00206;	argH BT_3733
Q8A1D6	PF21982;PF02631;PF21981;	recX BT_3730
Q8A1E4	PF01177;	murI BT_3722
Q8A1K4	PF22848;PF22847;PF02018;	BT_3657
Q8A1L5	PF00809;	BT_3646
Q8A1P7	PF00254;	BT_3612
Q8A1S9	PF00521;	BT_3579
Q8A1U3	PF14905;PF07715;	BT_3565
Q8A1V0	PF13004;PF01223;	BT_3558
Q8A241	PF02518;PF00512;PF12833;PF07494;PF00072;PF07495;	BT_3465
Q8A245	PF00692;	dut BT_3461
Q8A2A2	PF13184;PF08529;	nusA BT_3403
Q8A2H3	PF13715;PF07715;	BT_3332
Q8A2N9	PF01541;PF14520;PF22920;PF08459;	uvrC BT_3266
Q8A2P2	PF01791;	BT_3263
Q8A2P5	PF01367;PF02739;PF00476;PF01612;	polA BT_3260
Q8A2W9	PF07992;PF02852;	BT_3186
Q8A2X1	PF00890;PF02910;	BT_3184
Q8A2Z1	PF02445;	nadA BT_3164
Q8A329	PF08264;PF13603;PF09334;	leuS BT_3126
Q8A337	PF01790;	lgt BT_3118
Q8A340	PF00171;PF01619;	BT_3115
Q8A358	PF02518;PF00512;PF12833;PF07494;PF00072;PF07495;	BT_3097
Q8A378	PF17876;PF00773;PF00575;	rnr BT_3077
Q8A3F5	PF00580;PF13361;	BT_2999
Q8A3H7	PF00254;PF01346;	BT_2977
Q8A3Q9	PF04616;	BT_2895
Q8A3W5	PF02033;	rbfA BT_2839
Q8A3X8	PF02518;PF00512;PF12833;PF07494;PF00072;PF07495;	BT_2826
Q8A3Z3	PF07992;PF13192;	BT_2811
Q8A403	PF00459;	BT_2801
Q8A485	PF00366;	rpsQ1 BT_2718
Q8A490	PF00410;	rpsH BT_2713
Q8A499	PF00416;	rpsM BT_2704
Q8A4A1	PF00163;PF01479;	rpsD BT_2702
Q8A4B0	PF02971;PF07837;	BT_2693
Q8A4M8	PF04960;	glsA BT_2571
Q8A4M9	PF00282;	BT_2570
Q8A4P5	PF00871;	buk BT_2552
Q8A4S5	PF05195;PF00557;	BT_2522
Q8A4S9	PF00731;	purE BT_2518
Q8A4T7	PF02866;PF00056;	BT_2510
Q8A517	PF00349;PF03727;	BT_2430
Q8A538	PF13481;PF13541;PF18073;	radA BT_2406
Q8A551	PF02518;PF00512;PF12833;PF07494;PF00072;PF07495;	BT_2391
Q8A587	PF02086;	BT_2355
Q8A5I3	PF05681;PF05683;	BT_2256
Q8A5I8	PF16576;	BT_2251
Q8A5K5	PF14437;	tadA BT_2234
Q8A5S6	PF01084;	rpsR BT_2162
Q8A5T8	PF02142;	mgsA BT_2150
Q8A5U2	PF00686;PF02446;	BT_2146
Q8A5Z4	PF06826;PF02080;	BT_2092
Q8A5Z5	PF01642;	BT_2091
Q8A5Z6	PF02310;PF01642;	BT_2090
Q8A614	PF00330;PF00694;	BT_2072
Q8A616	PF00285;	BT_2070
Q8A648	PF16576;	BT_2038
Q8A669	PF00483;	BT_2017
Q8A6B2	PF00208;PF02812;	BT_1973
Q8A6B5	PF00390;PF03949;PF01515;	BT_1969
Q8A6H1	PF04095;PF17767;	pncB BT_1913
Q8A6J9	PF00586;	thiL BT_1882
Q8A6L8	PF00694;	BT_1859
Q8A6N5	PF01120;	BT_1842
Q8A6N7	PF03129;PF13393;	hisS BT_1840
Q8A6V0	PF06439;PF00703;PF02836;PF02837;	BT_1776
Q8A6W6	PF16346;PF00251;	BT_1760
Q8A6X1	PF02518;PF00512;PF12833;PF13407;PF00072;	BT_1754
Q8A6X8	PF10371;PF12838;PF17147;PF01558;PF01855;PF02775;	BT_1747
Q8A767	PF00923;	tal BT_1658
Q8A793	PF00704;PF13385;	BT_1632
Q8A7B2	PF03938;	BT_1613
Q8A7H0	PF01262;PF05222;	BT_1554
Q8A7I0	PF00293;PF09296;PF09297;	BT_1544
Q8A7I7	PF22366;PF07992;	BT_1537
Q8A7M7	PF00436;	ssb BT_1497
Q8A7U2	PF03786;	uxuA BT_1432
Q8A7W3	PF01035;PF02870;	BT_1411
Q8A7Z3	PF01842;PF00551;	purU BT_1381
Q8A818	PF02563;PF10531;PF22461;	BT_1356
Q8A833	PF00984;PF03720;PF03721;	BT_1341
Q8A842	PF01168;	BT_1332
Q8A849	PF00749;PF03950;PF20974;	BT_1325
Q8A854	PF01895;	BT_1320
Q8A875	PF00006;PF02874;PF16886;PF22919;	atpA BT_1299
Q8A8I4	PF13641;PF02518;PF00512;PF00072;	BT_1183
Q8A8R0	PF00210;	BT_1107
Q8A8R9	PF02142;	mgsA BT_1098
Q8A8V9	PF02518;PF00072;	BT_1058
Q8A908	PF01180;	BT_1009
Q8A925	PF00703;PF02836;PF02837;	BT_0992
Q8A9J0	PF01232;PF08125;	uxaB BT_0825
Q8A9J2	PF02614;	uxaC BT_0823
Q8A9R7	PF14572;PF13793;	BT_0748
Q8A9S1	PF01288;	BT_0744
Q8A9S2	PF00912;PF00905;	BT_0743
Q8A9S4	PF01948;PF02748;	pyrI BT_0741
Q8A9U6	PF00231;	atpG BT_0719
Q8AA21	PF00391;PF02896;PF01326;	BT_0644
Q8AA35	PF03372;	BT_0630
Q8AA42	PF01370;	BT_0623
Q8AA94	PF00501;PF14535;	BT_0571
Q8AAA8	PF02786;PF02787;PF02142;	BT_0557
Q8AAB2	PF00310;PF04898;PF01645;PF01493;	BT_0553
Q8AAD3	PF04715;PF00425;	BT_0532
Q8AAF9	PF13290;PF00728;PF02838;PF07691;	BT_0506
Q8AAK1	PF00483;	BT_0463
Q8AAK4	PF00728;PF02838;	BT_0460
Q8AAK5	PF00754;PF13287;PF00728;PF02838;	BT_0459
Q8AAK6	PF00703;PF22666;PF17753;PF17786;	BT_0458
Q8AAK9	PF13859;PF14873;	BT_0455
Q8AAN3	PF02618;	mltG BT_0431
Q8AAN4	PF01855;PF02775;	BT_0430
Q8AAN6	PF00501;PF14535;	BT_0428
Q8AAP0	PF01632;	rpmI BT_0424
Q8AAU1	PF21621;PF20511;	BT_0373
Q8AAU2	PF01263;	BT_0372
Q8AAU4	PF10509;PF08544;PF00288;	BT_0370
Q8AAU6	PF22848;PF02018;	BT_0368
Q8AAV4	PF16369;PF04616;	BT_0360
Q8AAV9	PF00596;	BT_0353
Q8AAW1	PF24856;PF02610;PF11762;	araA BT_0351
Q8AB01	PF00198;PF00364;	BT_0311
Q8AB44	PF02518;PF12833;PF07494;PF00072;PF07495;	BT_0267
Q8AB91	PF00085;	BT_0219
Q8ABI3	PF05426;PF00295;	BT_0127
Q9RQ15	PF00886;	rpsP BT_1271
E7MCA2	PF10771;	BT_0631a
E7MCA5		BT_1976a
E7MCA6		BT_2676a
E7MCA9	PF14063;	BT_3361a
E7MCB0	PF13505;	BT_3901a
Q89YH7	PF02518;PF13589;	BT_4755
Q89YI7	PF20693;	BT_4745
Q89YL0	PF13568;	BT_4721
Q89YL1	PF04542;PF08281;	BT_4720
Q89YL2	PF17415;PF12667;	BT_4719
Q89YL8	PF01120;PF00754;	BT_4713
Q89YM1	PF08522;PF13385;	BT_4710
Q89YM2	PF16141;	BT_4709
Q89YM3	PF12741;	BT_4708
Q89YM5	PF04773;PF16344;	BT_4706
Q89YM8	PF13378;	BT_4703
Q89YN3	PF22752;	BT_4698
Q89YN5	PF00583;PF14268;	BT_4696
Q89YP1	PF09154;PF00128;	BT_4690
Q89YP2	PF00128;PF02922;PF21653;	BT_4689
Q89YQ7	PF15889;	BT_4674
Q89YR0	PF13715;PF07715;PF00593;	BT_4671
Q89YR1	PF14322;PF07980;	BT_4670
Q89YR2	PF17138;PF17141;PF14292;	BT_4669
Q89YR5	PF02254;	BT_4666
Q89YS1	PF13715;PF07715;PF00593;	BT_4660
Q89YS2	PF14322;PF07980;	BT_4659
Q89YS6		BT_4655
Q89YU8	PF14322;PF07980;	BT_4633
Q89YW7	PF03724;	BT_4614
Q89YW9	PF16653;PF03435;	BT_4612
Q89YX5	PF13004;	BT_4605
Q89YX8	PF00012;	BT_4602
Q89YY4		BT_4596
Q89YY9	PF01029;	BT_4591
Q89YZ4	PF01230;	BT_4586
Q89Z02		BT_4575
Q89Z14	PF20050;	BT_4563
Q89Z24	PF13460;	BT_4553
Q89Z36	PF01420;	BT_4541
Q89Z46	PF20282;	BT_4531
Q89Z47	PF13749;PF13412;PF04326;	BT_4530
Q89Z54	PF01420;	BT_4523
Q89Z61	PF07510;PF03235;	BT_4516
Q89Z65	PF08240;PF00107;	BT_4512
Q89Z77	PF13149;	BT_4500
Q89Z82	PF12674;	BT_4495
Q89Z83	PF14542;	BT_4494
Q89Z97		BT_4480
Q89ZA3		BT_4474
Q89ZA6	PF12741;	BT_4471
Q89ZA8		BT_4469
Q89ZC1	PF13183;PF02589;	BT_4456
Q89ZC6	PF01048;	BT_4451
Q89ZC9	PF01408;PF19051;	BT_4448
Q89ZG5	PF01841;	BT_4412
Q89ZH3	PF13715;PF07715;PF07660;PF00593;	BT_4404
Q89ZH8	PF10282;	BT_4399
Q89ZK0		BT_4377
Q89ZK2	PF02954;PF00158;	BT_4375
Q89ZK4	PF16125;	BT_4373
Q89ZK7	PF00571;PF01595;PF03471;	BT_4370
Q89ZL0	PF03349;	BT_4367
Q89ZL4	PF01663;	BT_4363
Q89ZL6	PF19867;	BT_4361
Q89ZL7		BT_4360
Q89ZL9	PF14322;PF07980;	BT_4358
Q89ZN8	PF00120;PF18318;PF12437;	BT_4339
Q89ZP9	PF16120;	BT_4327
Q89ZQ8	PF00005;	BT_4318
Q89ZS0	PF14092;	BT_4306
Q89ZS1	PF03065;	BT_4305
Q89ZS2	PF13439;PF00534;	BT_4304
Q89ZS3	PF06202;PF12439;	BT_4303
Q89ZS7	PF01436;	BT_4299
Q89ZS8	PF13715;PF07715;	BT_4298
Q89ZS9	PF14322;PF07980;	BT_4297
Q89ZT0	PF14274;PF08522;	BT_4296
Q89ZT1	PF13004;PF00754;	BT_4295
Q89ZW0	PF16139;	BT_4261
Q89ZX4	PF13715;PF07715;	BT_4247
Q89ZX5	PF14322;PF07980;	BT_4246
Q89ZX6	PF08522;PF00754;	BT_4245
Q89ZX7	PF13004;PF00754;PF13402;PF18630;	BT_4244
Q89ZY1	PF01636;	BT_4240
Q8A000		BT_4221
Q8A001	PF01145;PF15975;	BT_4220
Q8A022	PF05569;	BT_4199
Q8A030		BT_4191
Q8A052		BT_4169
Q8A054		BT_4167
Q8A055	PF17133;PF02469;	BT_4166
Q8A056	PF14322;PF07980;	BT_4165
Q8A057	PF13715;PF07715;	BT_4164
Q8A058	PF02469;	BT_4163
Q8A0A1		BT_4120
Q8A0A2		BT_4119
Q8A0A8	PF14322;PF07980;	BT_4113
Q8A0A9	PF16318;PF17161;PF00041;	BT_4112
Q8A0B3	PF07470;	BT_4108
Q8A0C9	PF07971;PF17678;	BT_4092
Q8A0D3	PF13715;	BT_4088
Q8A0D7	PF16396;	BT_4084
Q8A0D8	PF14274;PF08522;	BT_4083
Q8A0D9	PF14322;PF07980;	BT_4082
Q8A0E7	PF22633;PF00703;PF02836;PF22666;PF18368;	BT_4074
Q8A0G9	PF13304;PF14491;	BT_4052
Q8A0I0	PF03993;	BT_4041
Q8A0I1	PF08522;PF00754;	BT_4040
Q8A0I3	PF14322;PF07980;	BT_4038
Q8A0L9	PF13614;	BT_4002
Q8A0M1	PF18935;	BT_4000
Q8A0M7	PF07971;PF17678;	BT_3994
Q8A0N0	PF07971;PF17678;	BT_3991
Q8A0N3	PF16379;PF00754;	BT_3988
Q8A0N4	PF08522;	BT_3987
Q8A0N5	PF08522;PF13385;	BT_3986
Q8A0N6	PF16141;	BT_3985
Q8A0N7	PF12741;	BT_3984
Q8A0N8	PF13715;PF07715;PF07660;	BT_3983
Q8A0P0		BT_3981
Q8A0P4	PF13715;PF14905;	BT_3977
Q8A0Q7	PF04450;	BT_3964
Q8A0R0	PF14135;	BT_3961
Q8A0R1	PF00648;	BT_3960
Q8A0R3	PF13715;PF07715;	BT_3958
Q8A0S2	PF16109;	BT_3949
Q8A0T2	PF01368;PF02272;PF17768;	BT_3939
Q8A0T4	PF00515;PF13181;	BT_3937
Q8A0T7	PF01817;PF00793;	BT_3934
Q8A0T8	PF02153;	BT_3933
Q8A0U3		BT_3928
Q8A0X4	PF08534;	BT_3897
Q8A0Y8	PF01557;	BT_3883
Q8A0Z7	PF14869;	BT_3874
Q8A101	PF00132;	BT_3870
Q8A110	PF16342;PF13385;	BT_3861
Q8A115	PF12866;PF18003;	BT_3856
Q8A117	PF13715;PF07715;	BT_3854
Q8A119	PF00691;	BT_3852
Q8A121		BT_3850
Q8A125	PF13616;	BT_3846
Q8A144	PF00210;	BT_3823
Q8A159		BT_3808
Q8A160	PF01103;	BT_3807
Q8A176	PF14274;PF08522;	BT_3790
Q8A178	PF13715;PF07715;	BT_3788
Q8A182	PF07971;PF17678;	BT_3784
Q8A183	PF03372;	BT_3783
Q8A196	PF00440;	BT_3770
Q8A1B3	PF16141;	BT_3753
Q8A1B4	PF12741;	BT_3752
Q8A1C1	PF13201;	BT_3745
Q8A1C2	PF13568;	BT_3744
Q8A1C3	PF13944;PF13201;	BT_3743
Q8A1C4	PF13944;PF16410;PF13201;	BT_3742
Q8A1C5		BT_3741
Q8A1D0		BT_3736
Q8A1D2	PF01266;	BT_3734
Q8A1D9	PF19755;	BT_3727
Q8A1E1	PF01103;PF07244;	BT_3725
Q8A1E5	PF09413;	BT_3721
Q8A1F1	PF17415;PF12667;	BT_3715
Q8A1H4	PF07470;	BT_3687
Q8A1H8	PF00722;PF04616;	BT_3683
Q8A1I0	PF14322;PF07980;	BT_3681
Q8A1I2	PF01833;	BT_3679
Q8A1I4	PF10022;	BT_3677
Q8A1I8	PF14869;PF03544;	BT_3673
Q8A1K0	PF14509;PF14508;PF10566;	BT_3661
Q8A1K5	PF17851;PF04616;	BT_3656
Q8A1K6	PF04616;	BT_3655
Q8A1K7	PF21317;PF21467;PF00754;PF01301;	BT_3654
Q8A1L3	PF01523;PF19290;PF19289;	BT_3648
Q8A1M6	PF13715;PF07715;PF00593;	BT_3633
Q8A1M7	PF16215;	BT_3632
Q8A1M9	PF09603;PF13149;	BT_3630
Q8A1P1		BT_3618
Q8A1Q5	PF13715;PF07715;PF00593;	BT_3604
Q8A1Q6	PF14322;PF07980;	BT_3603
Q8A1Q7	PF16410;	BT_3602
Q8A1R3		BT_3596
Q8A1R4	PF19773;	BT_3595
Q8A1R5	PF00041;PF09992;	BT_3594
Q8A1T0	PF11777;	BT_3578
Q8A1T1	PF03572;PF14684;	BT_3577
Q8A1T2	PF00294;	BT_3576
Q8A1T9	PF13715;PF07715;	BT_3569
Q8A1U0	PF14322;PF07980;	BT_3568
Q8A1U2	PF10091;	BT_3566
Q8A1U5	PF01223;	BT_3563
Q8A1U6	PF19886;	BT_3562
Q8A1U7	PF18942;	BT_3561
Q8A1U8		BT_3560
Q8A1V4	PF01928;	BT_3554
Q8A1V7	PF00675;PF05193;	BT_3551
Q8A1V8	PF00501;PF23562;	BT_3550
Q8A1X4	PF22095;	BT_3534
Q8A1Y5	PF16342;	BT_3523
Q8A1Y6	PF16342;PF13385;	BT_3522
Q8A1Y7	PF03663;	BT_3521
Q8A1Y9	PF13715;PF07715;PF07660;	BT_3519
Q8A1Z4	PF19190;PF17829;PF15979;	BT_3514
Q8A200		BT_3508
Q8A202	PF14322;PF07980;	BT_3506
Q8A203	PF13715;PF07715;	BT_3505
Q8A212	PF14274;PF16343;	BT_3496
Q8A213	PF14322;PF07980;	BT_3495
Q8A234	PF01408;PF22725;	BT_3472
Q8A236	PF01408;PF19051;	BT_3470
Q8A243	PF14125;	BT_3463
Q8A244	PF13432;PF13181;	BT_3462
Q8A260	PF03799;	BT_3446
Q8A267	PF20779;PF20785;	BT_3439
Q8A269	PF01823;PF20779;PF20785;	BT_3437
Q8A270		BT_3436
Q8A272	PF09411;	BT_3434
Q8A288	PF13905;	BT_3418
Q8A292	PF18990;	BT_3413
Q8A2A4	PF08238;PF13676;	BT_3401
Q8A2A7	PF10988;	BT_3398
Q8A2B3	PF00881;	BT_3392
Q8A2C2	PF18989;	BT_3383
Q8A2C3	PF18989;	BT_3382
Q8A2C4	PF18989;	BT_3381
Q8A2D5	PF00535;	BT_3370
Q8A2D8	PF00534;	BT_3367
Q8A2E3	PF01075;	BT_3362
Q8A2F7	PF07470;	BT_3348
Q8A2G4	PF13205;	BT_3341
Q8A2G7	PF00873;	BT_3338
Q8A2G9	PF13720;PF00132;	BT_3336
Q8A2H0	PF16011;	BT_3335
Q8A2H4	PF14322;PF07980;	BT_3331
Q8A2H5	PF16409;	BT_3330
Q8A2I0	PF19577;	BT_3325
Q8A2J2	PF16408;PF17165;PF17163;	BT_3313
Q8A2J3	PF02055;PF17189;	BT_3312
Q8A2J4	PF14322;PF07980;	BT_3311
Q8A2J5	PF13715;PF07715;PF00593;	BT_3310
Q8A2J9	PF01380;	BT_3306
Q8A2N1	PF16407;	BT_3274
Q8A2N2	PF16132;	BT_3273
Q8A2N3	PF14322;	BT_3272
Q8A2N4	PF13715;PF07715;	BT_3271
Q8A2P6	PF12930;	BT_3259
Q8A2P9		BT_3256
Q8A2Q0	PF22020;PF02926;PF01170;	BT_3255
Q8A2Q8	PF11028;	BT_3247
Q8A2Q9	PF01522;	BT_3246
Q8A2R1	PF13004;	BT_3244
Q8A2R2	PF14135;PF16377;	BT_3243
Q8A2R3	PF15890;	BT_3242
Q8A2R4	PF14322;	BT_3241
Q8A2R5	PF13715;PF07715;	BT_3240
Q8A2R6	PF13715;PF07715;	BT_3239
Q8A2R7	PF14322;PF07980;	BT_3238
Q8A2R8	PF15890;	BT_3237
Q8A2R9	PF14135;	BT_3236
Q8A2S0	PF13004;	BT_3235
Q8A2S2	PF16153;	BT_3233
Q8A2S3	PF13561;	BT_3232
Q8A2T2		BT_3223
Q8A2T3	PF16140;	BT_3222
Q8A2W7		BT_3188
Q8A2W8	PF02113;	BT_3187
Q8A2X2	PF16225;	BT_3183
Q8A2X3	PF02915;PF21349;	BT_3182
Q8A2Y7	PF04055;	BT_3168
Q8A2Z7	PF16323;PF16391;PF17166;	BT_3158
Q8A2Z9	PF13715;PF07715;	BT_3156
Q8A307	PF20200;	BT_3148
Q8A308		BT_3147
Q8A326	PF00691;	BT_3129
Q8A333	PF02311;PF12833;	BT_3122
Q8A353	PF14322;PF07980;	BT_3102
Q8A373	PF08244;PF00251;	BT_3082
Q8A374	PF07883;	BT_3081
Q8A387		BT_3067
Q8A388		BT_3066
Q8A397	PF00884;	BT_3057
Q8A3A9	PF14322;PF07980;	BT_3045
Q8A3B0	PF14274;PF08522;	BT_3044
Q8A3B1	PF14587;PF17189;	BT_3043
Q8A3C9	PF14322;PF07980;	BT_3025
Q8A3E1	PF14322;PF07980;	BT_3013
Q8A3E5	PF14310;PF00933;PF01915;PF07691;	BT_3009
Q8A3E9	PF20103;	BT_3005
Q8A3F7		BT_2997
Q8A3K2	PF13715;PF07715;PF00593;	BT_2952
Q8A3K3	PF14322;PF07980;	BT_2951
Q8A3K5	PF03663;	BT_2949
Q8A3K6	PF07971;PF17678;PF07691;	BT_2948
Q8A3N0	PF13549;PF13380;PF19045;PF13607;	BT_2924
Q8A3N7	PF16389;	BT_2917
Q8A3Q8	PF01436;PF08450;PF01833;	BT_2896
Q8A3R0	PF13715;PF07715;	BT_2894
Q8A3R1	PF14322;PF07980;	BT_2893
Q8A3V0	PF14310;PF00933;PF01915;	BT_2854
Q8A3V9	PF14289;PF13905;	BT_2845
Q8A3W0	PF13432;PF13181;	BT_2844
Q8A3W8	PF17147;PF01558;PF01855;	BT_2836
Q8A3X0	PF01432;	BT_2834
Q8A3X1	PF03372;	BT_2833
Q8A3X2	PF20216;PF01694;	BT_2832
Q8A3X4	PF00216;	BT_2830
Q8A3X6	PF13448;PF16130;	BT_2828
Q8A3Y1	PF13004;	BT_2823
Q8A3Y2	PF13004;	BT_2822
Q8A3Y4	PF07715;	BT_2820
Q8A3Y5	PF14322;PF07980;	BT_2819
Q8A3Y6	PF13715;PF07715;PF00593;	BT_2818
Q8A3Y7		BT_2817
Q8A3Y8	PF13432;PF13174;PF13181;PF13525;	BT_2816
Q8A3Z6	PF01156;	BT_2808
Q8A3Z7	PF16339;PF16349;PF01301;	BT_2807
Q8A3Z9	PF13715;PF07715;PF00593;	BT_2805
Q8A405	PF00294;	BT_2799
Q8A421	PF07883;PF01381;	BT_2783
Q8A427	PF00350;	BT_2777
Q8A445	PF07396;	BT_2758
Q8A448	PF10415;PF00206;	BT_2755
Q8A450	PF13505;	BT_2753
Q8A452	PF13320;PF22680;	BT_2751
Q8A459	PF00132;	BT_2744
Q8A460	PF01321;PF16189;PF00557;PF16188;	BT_2743
Q8A462	PF02482;	BT_2741
Q8A471	PF11950;	BT_2732
Q8A4B4	PF00440;	BT_2689
Q8A4C4	PF00248;	BT_2679
Q8A4E1	PF15495;	BT_2658
Q8A4G9	PF03372;	BT_2630
Q8A4H3	PF13715;PF07715;	BT_2626
Q8A4H5	PF14274;PF08522;	BT_2624
Q8A4H6	PF03663;	BT_2623
Q8A4H8	PF13472;	BT_2621
Q8A4H9	PF14509;PF14508;PF10566;	BT_2620
Q8A4N9	PF13715;PF07715;PF07660;PF00593;	BT_2560
Q8A4P0	PF12741;	BT_2559
Q8A4P3	PF01381;	BT_2554
Q8A4P6	PF01515;	BT_2551
Q8A4P7	PF00722;	BT_2550
Q8A4S0	PF00485;	BT_2527
Q8A4S2	PF05448;	BT_2525
Q8A4U4	PF04355;PF14771;	BT_2503
Q8A4U5		BT_2502
Q8A4V0	PF16576;	BT_2497
Q8A4V4	PF00480;	BT_2493
Q8A4W7		BT_2480
Q8A4W8	PF09375;	BT_2479
Q8A4X0	PF07396;	BT_2477
Q8A4X1		BT_2476
Q8A4X5	PF07432;	BT_2472
Q8A4Z5		BT_2452
Q8A4Z7		BT_2450
Q8A507	PF00149;	BT_2440
Q8A509	PF13505;	BT_2438
Q8A510	PF13590;	BT_2437
Q8A511	PF05576;	BT_2436
Q8A513	PF13686;PF07992;PF02852;PF00581;PF01206;	BT_2434
Q8A515	PF00754;PF00703;PF22666;PF18368;	BT_2432
Q8A526	PF19569;	BT_2418
Q8A535	PF07715;PF00593;	BT_2409
Q8A553	PF05552;PF00924;PF21082;	BT_2389
Q8A554		BT_2388
Q8A555	PF01053;	BT_2387
Q8A568	PF12969;PF01841;	BT_2374
Q8A569	PF12969;PF12970;	BT_2373
Q8A570	PF06445;PF12833;	BT_2372
Q8A577	PF07980;	BT_2365
Q8A578	PF13715;PF07715;PF00593;	BT_2364
Q8A588		BT_2354
Q8A5B3	PF00271;PF02384;	BT_2326
Q8A5C2	PF13149;	BT_2317
Q8A5G7		BT_2272
Q8A5H0	PF14322;PF07980;	BT_2269
Q8A5H1	PF13715;PF07715;	BT_2268
Q8A5H5	PF07715;	BT_2264
Q8A5H6	PF12771;	BT_2263
Q8A5H7	PF16403;PF16404;	BT_2262
Q8A5H8	PF12888;	BT_2261
Q8A5H9	PF07715;	BT_2260
Q8A5I0	PF12771;	BT_2259
Q8A5I2	PF16314;PF20683;	BT_2257
Q8A5J6	PF13374;	BT_2243
Q8A5K0	PF00595;PF03572;	BT_2239
Q8A5K2	PF04237;	BT_2237
Q8A5L1		BT_2228
Q8A5M6	PF07726;PF17863;	BT_2212
Q8A5M8	PF01934;	BT_2210
Q8A5N4	PF24681;	BT_2204
Q8A5N6	PF13715;PF07715;	BT_2202
Q8A5N7	PF14322;PF07980;	BT_2201
Q8A5N8	PF14323;PF20958;	BT_2200
Q8A5P9	PF04389;	BT_2189
Q8A5Q8	PF00702;	BT_2180
Q8A5R5	PF14054;	BT_2173
Q8A5R6	PF13715;PF07715;PF07660;PF00593;	BT_2172
Q8A5R8		BT_2170
Q8A5S1	PF22042;PF00679;PF14492;PF03764;PF00009;	BT_2167
Q8A5S3	PF00072;PF00486;	BT_2165
Q8A5S4	PF12802;	BT_2164
Q8A5S8	PF19904;	BT_2160
Q8A5T4	PF00501;	BT_2154
Q8A5U7	PF01520;	BT_2141
Q8A5V0	PF00149;PF16656;	BT_2136
Q8A5W1	PF16438;	BT_2125
Q8A5Z0	PF00392;PF13377;	BT_2096
Q8A5Z3	PF13189;	BT_2093
Q8A603	PF13944;	BT_2083
Q8A604	PF13568;	BT_2082
Q8A606	PF03313;	BT_2080
Q8A621	PF13715;PF07715;	BT_2065
Q8A622	PF14298;	BT_2064
Q8A628	PF00348;	BT_2058
Q8A630	PF01026;	BT_2056
Q8A635	PF00583;	BT_2051
Q8A637	PF01037;PF13404;	BT_2049
Q8A645		BT_2041
Q8A647	PF00873;	BT_2039
Q8A653	PF12771;	BT_2033
Q8A654	PF07715;PF00593;	BT_2032
Q8A668	PF12850;	BT_2018
Q8A673	PF00149;	BT_2013
Q8A674	PF13173;PF13635;	BT_2012
Q8A676		BT_2010
Q8A679	PF00814;	BT_2007
Q8A680	PF14123;	BT_2006
Q8A688	PF03477;PF13597;	BT_1998
Q8A699	PF06026;	BT_1986
Q8A6B1	PF01321;PF00557;	BT_1974
Q8A6C1		BT_1963
Q8A6C8	PF16820;	BT_1956
Q8A6C9		BT_1955
Q8A6D0	PF16819;	BT_1954
Q8A6D1	PF07715;PF00593;	BT_1953
Q8A6D2	PF01497;	BT_1952
Q8A6E5	PF13715;PF07715;	BT_1939
Q8A6E6	PF16215;	BT_1938
Q8A6F0		BT_1934
Q8A6F7		BT_1927
Q8A6G1	PF01053;	BT_1923
Q8A6G7	PF01039;	BT_1917
Q8A6G8	PF00364;	BT_1916
Q8A6G9	PF02785;PF00289;PF02786;	BT_1915
Q8A6H3	PF13561;	BT_1911
Q8A6I0	PF06445;PF12833;	BT_1904
Q8A6I8	PF07523;PF13306;	BT_1896
Q8A6J8	PF03663;	BT_1883
Q8A6K2	PF01343;	BT_1879
Q8A6N0	PF12833;	BT_1847
Q8A6Q1		BT_1826
Q8A6Q7	PF10771;	BT_1819
Q8A6R7	PF13569;PF18991;	BT_1809
Q8A6S0	PF00441;PF02770;PF02771;PF12186;	BT_1806
Q8A6S1	PF01012;PF00766;	BT_1805
Q8A6S2	PF01012;	BT_1804
Q8A6S7	PF13715;PF07715;PF00593;	BT_1799
Q8A6S8	PF16272;	BT_1798
Q8A6U2		BT_1784
Q8A6U9	PF14498;PF21307;PF22124;	BT_1777
Q8A6W1	PF16352;PF08244;PF00251;	BT_1765
Q8A6W2	PF01263;	BT_1764
Q8A6W3	PF13715;PF07715;PF00593;	BT_1763
Q8A6W5	PF16324;	BT_1761
Q8A6W9	PF00294;	BT_1757
Q8A6Z7	PF08281;	BT_1728
Q8A728	PF00364;PF00682;PF02436;	BT_1697
Q8A732	PF13533;PF13437;	BT_1693
Q8A737	PF00364;	BT_1688
Q8A739	PF01039;	BT_1686
Q8A745	PF00881;	BT_1680
Q8A757	PF03544;	BT_1668
Q8A759	PF08282;	BT_1666
Q8A766	PF01791;	BT_1659
Q8A772	PF02706;	BT_1653
Q8A795	PF14322;PF07980;	BT_1630
Q8A796	PF16397;PF16406;	BT_1629
Q8A797	PF16347;	BT_1628
Q8A7A0	PF01120;PF00754;	BT_1625
Q8A7A5	PF14322;PF07980;	BT_1620
Q8A7B0	PF07687;PF01546;	BT_1615
Q8A7B9	PF03150;PF14376;	BT_1606
Q8A7D7	PF00583;PF14268;	BT_1587
Q8A7E6	PF13483;	BT_1578
Q8A7E8	PF02678;PF17954;	BT_1576
Q8A7E9	PF00389;PF02826;	BT_1575
Q8A7F0		BT_1574
Q8A7F1	PF19577;	BT_1573
Q8A7G3	PF16022;	BT_1561
Q8A7G7	PF16301;	BT_1557
Q8A7G9	PF03060;	BT_1555
Q8A7H1	PF14322;PF07980;	BT_1553
Q8A7H2	PF13715;PF07715;	BT_1552
Q8A7H6	PF02878;PF02879;PF02880;PF00408;	BT_1548
Q8A7H9	PF00027;	BT_1545
Q8A7I2	PF07992;PF02852;	BT_1542
Q8A7I4	PF12833;	BT_1540
Q8A7I6	PF01832;PF01476;	BT_1538
Q8A7I8	PF13437;	BT_1536
Q8A7J1	PF02687;PF12704;	BT_1533
Q8A7J4	PF02321;	BT_1530
Q8A7L2		BT_1512
Q8A7L7		BT_1507
Q8A7M4	PF10150;	BT_1500
Q8A7N1	PF14542;	BT_1493
Q8A7N2	PF01212;	BT_1492
Q8A7N3	PF14717;	BT_1491
Q8A7N4	PF16819;	BT_1490
Q8A7N5	PF07715;PF00593;	BT_1489
Q8A7N6		BT_1488
Q8A7N7	PF16820;	BT_1487
Q8A7N8	PF16819;	BT_1486
Q8A7P0	PF09820;PF08011;	BT_1484
Q8A7P2	PF00072;PF00486;	BT_1482
Q8A7P8	PF00155;	BT_1476
Q8A7R0	PF00583;	BT_1464
Q8A7T4	PF13715;PF07715;	BT_1440
Q8A7T5	PF07980;	BT_1439
Q8A7T9		BT_1435
Q8A7U1	PF00106;	BT_1433
Q8A7U9	PF04402;	BT_1425
Q8A7V5	PF15418;	BT_1419
Q8A7W0	PF13372;	BT_1414
Q8A7W2	PF03358;	BT_1412
Q8A7X8	PF12833;	BT_1396
Q8A7Y3	PF00691;	BT_1391
Q8A7Z1	PF00248;	BT_1383
Q8A804	PF01370;	BT_1370
Q8A811	PF20600;PF00929;	BT_1363
Q8A819		BT_1355
Q8A825		BT_1349
Q8A826	PF01370;	BT_1348
Q8A832	PF01370;	BT_1342
Q8A840	PF02562;PF13638;	BT_1334
Q8A846	PF11276;	BT_1328
Q8A863	PF00140;PF04542;PF04539;PF04545;	BT_1311
Q8A866	PF03415;	BT_1308
Q8A870	PF00392;	BT_1304
Q8A874	PF10962;PF01992;	BT_1300
Q8A881	PF11897;PF00343;	BT_1293
Q8A882	PF00578;PF14289;	BT_1292
Q8A887	PF16128;	BT_1287
Q8A890	PF08522;	BT_1284
Q8A892	PF16141;	BT_1282
Q8A8A8	PF02275;	BT_1259
Q8A8C9	PF12836;PF17674;PF00575;PF22706;PF09371;PF16921;	BT_1238
Q8A8D1	PF02872;PF00149;	BT_1236
Q8A8D4	PF12956;	BT_1233
Q8A8E0		BT_1227
Q8A8E1	PF00501;PF23562;	BT_1226
Q8A8F4	PF16576;	BT_1213
Q8A8G0	PF00389;PF02826;	BT_1207
Q8A8H1	PF00682;PF02436;	BT_1196
Q8A8H3	PF13488;PF00691;	BT_1194
Q8A8H5	PF20434;PF13472;	BT_1192
Q8A8I2	PF13620;PF00593;	BT_1185
Q8A8I6	PF00535;	BT_1181
Q8A8L3	PF03880;PF00270;PF00271;	BT_1154
Q8A8L6	PF06245;	BT_1151
Q8A8L8	PF09561;	BT_1149
Q8A8M3	PF11738;PF13739;	BT_1144
Q8A8P9	PF14322;PF07980;	BT_1118
Q8A8R1	PF01791;	BT_1106
Q8A8R3	PF00011;	BT_1104
Q8A8R7	PF11897;PF00343;	BT_1100
Q8A8T0	PF07859;PF07313;	BT_1087
Q8A8T2	PF07610;	BT_1085
Q8A8U1	PF04397;PF00072;	BT_1076
Q8A8U3	PF13505;	BT_1074
Q8A8U4	PF13590;	BT_1073
Q8A8U7	PF11922;PF01507;	BT_1070
Q8A8V4	PF15495;PF06321;	BT_1063
Q8A8W5	PF04773;PF16344;	BT_1052
Q8A8W8	PF08522;PF13385;	BT_1049
Q8A8X0	PF12741;	BT_1047
Q8A8X1	PF07715;PF00593;	BT_1046
Q8A8X2	PF08522;PF13385;	BT_1045
Q8A8X3	PF16141;	BT_1044
Q8A8X4	PF12741;	BT_1043
Q8A8X5	PF13715;PF07715;PF07660;PF00593;	BT_1042
Q8A8X7	PF07715;PF00593;	BT_1040
Q8A8X8	PF12741;	BT_1039
Q8A8X9	PF16141;	BT_1038
Q8A8Y0	PF08522;PF13385;	BT_1037
Q8A8Y1	PF08522;PF16390;	BT_1036
Q8A8Y2	PF16126;PF00754;	BT_1035
Q8A8Y9	PF14322;PF07980;	BT_1028
Q8A900	PF12875;	BT_1017
Q8A911	PF00881;	BT_1006
Q8A920		BT_0997
Q8A930	PF08534;	BT_0987
Q8A937		BT_0980
Q8A955	PF00248;PF13187;	BT_0962
Q8A965		BT_0952
Q8A966		BT_0951
Q8A989	PF00072;PF00486;	BT_0928
Q8A993	PF10633;	BT_0924
Q8A9A6	PF01882;	BT_0909
Q8A9B4	PF00582;	BT_0901
Q8A9C7	PF01048;	BT_0888
Q8A9D9	PF04371;	BT_0876
Q8A9E8	PF13715;PF07715;	BT_0867
Q8A9E9	PF14322;PF07980;	BT_0866
Q8A9G1		BT_0854
Q8A9G9	PF18692;	BT_0846
Q8A9H1	PF21732;	BT_0844
Q8A9H4		BT_0841
Q8A9J3	PF12706;	BT_0822
Q8A9J8	PF04170;	BT_0817
Q8A9K0	PF11810;	BT_0815
Q8A9K2	PF05569;PF03544;	BT_0813
Q8A9M3	PF02782;PF00370;	BT_0792
Q8A9N4	PF02596;	BT_0781
Q8A9P2	PF00128;	BT_0773
Q8A9Q1		BT_0764
Q8A9Q2		BT_0763
Q8A9R0	PF14322;PF07980;	BT_0755
Q8A9S6	PF13568;	BT_0739
Q8A9T0	PF00155;	BT_0735
Q8A9T4		BT_0731
Q8A9T5	PF01370;	BT_0730
Q8A9T6	PF12833;	BT_0729
Q8A9V3	PF02823;	BT_0712
Q8A9W4	PF14134;	BT_0701
Q8A9W5	PF13291;PF13328;PF19296;PF04607;PF02824;	BT_0700
Q8A9X2	PF02687;PF12704;	BT_0693
Q8A9X3	PF00149;	BT_0692
Q8A9Y2	PF14509;PF14508;PF10566;	BT_0683
Q8A9Z1	PF00278;	BT_0674
Q8AA05	PF01637;	BT_0660
Q8AA07		BT_0658
Q8AA18	PF02581;	BT_0647
Q8AA19	PF13505;	BT_0646
Q8AA20	PF13505;	BT_0645
Q8AA52	PF19480;PF02563;PF22461;	BT_0613
Q8AA67	PF02719;	BT_0598
Q8AA74	PF11276;	BT_0591
Q8AA79		BT_0586
Q8AA92	PF13525;	BT_0573
Q8AAB0		BT_0555
Q8AAB3	PF14691;PF07992;	BT_0552
Q8AAB6	PF00085;	BT_0549
Q8AAC2	PF00120;PF18318;PF12437;	BT_0543
Q8AAD0	PF00465;	BT_0535
Q8AAE0	PF16130;	BT_0525
Q8AAE5	PF00196;	BT_0520
Q8AAF4		BT_0511
Q8AAF5	PF04055;PF13186;	BT_0510
Q8AAG1	PF13715;PF07715;PF00593;	BT_0504
Q8AAG7	PF13944;	BT_0498
Q8AAG8	PF14064;	BT_0497
Q8AAH6	PF01081;	BT_0489
Q8AAH9	PF20629;PF04295;PF08666;	BT_0486
Q8AAI0	PF14322;PF07980;	BT_0484
Q8AAI1	PF07715;PF00593;	BT_0483
Q8AAK3	PF16355;PF18565;PF00703;PF02836;PF02837;	BT_0461
Q8AAL1	PF07221;	BT_0453
Q8AAL2	PF13715;PF07715;PF00593;	BT_0452
Q8AAL3	PF14322;PF07980;	BT_0451
Q8AAL4	PF16410;	BT_0450
Q8AAL5	PF16373;PF02638;	BT_0449
Q8AAM0		BT_0444
Q8AAM4	PF14322;PF07980;	BT_0440
Q8AAM5	PF13715;PF07715;	BT_0439
Q8AAN1	PF13412;PF00480;	BT_0433
Q8AAP6	PF00691;	BT_0418
Q8AAP8	PF13469;	BT_0416
Q8AAQ4	PF05036;	BT_0410
Q8AAQ6	PF12732;	BT_0408
Q8AAU5	PF04616;	BT_0369
Q8AAU7	PF16369;PF04616;	BT_0367
Q8AAU9	PF13385;	BT_0365
Q8AAV0	PF13715;PF07715;PF00593;	BT_0364
Q8AAV3	PF14322;PF07980;	BT_0361
Q8AAW0	PF05635;	BT_0352
Q8AAW2	PF02782;PF00370;	BT_0350
Q8AAW5	PF02779;PF22613;PF00456;	BT_0347
Q8AAX3	PF13802;PF01055;PF21365;	BT_0339
Q8AAX9	PF12838;	BT_0333
Q8AAY4	PF14121;	BT_0328
Q8AAY9		BT_0323
Q8AAZ4	PF12771;	BT_0318
Q8AAZ5	PF13715;PF07715;	BT_0317
Q8AAZ6		BT_0316
Q8AAZ7		BT_0315
Q8AB00	PF00676;PF02779;PF02780;	BT_0312
Q8AB18	PF13620;	BT_0294
Q8AB22	PF21317;PF21467;PF00754;PF01301;	BT_0290
Q8AB33	PF01663;	BT_0278
Q8AB50		BT_0261
Q8AB60	PF00535;	BT_0251
Q8AB61	PF01979;	BT_0250
Q8AB64		BT_0247
Q8AB70	PF11589;	BT_0241
Q8AB72	PF14289;	BT_0239
Q8AB83	PF13505;	BT_0227
Q8AB85		BT_0225
Q8AB86		BT_0224
Q8AB92	PF00085;	BT_0218
Q8AB94	PF02915;PF21349;	BT_0216
Q8ABB1	PF03061;	BT_0199
Q8ABB3	PF10677;	BT_0197
Q8ABC3	PF02678;PF17954;	BT_0187
Q8ABC4	PF02683;PF11412;PF13899;	BT_0186
Q8ABD3		BT_0177
Q8ABD6		BT_0174
Q8ABD7	PF14057;	BT_0173
Q8ABE3	PF01934;	BT_0167
Q8ABE4	PF08534;	BT_0166
Q8ABF6	PF17820;PF18294;PF03572;	BT_0154
Q8ABF7	PF15283;	BT_0153
Q8ABG0	PF13715;PF07715;PF00593;	BT_0150
Q8ABG1	PF01435;	BT_0149
Q8ABG2	PF00571;PF01595;PF03471;	BT_0148
Q8ABG8	PF02368;PF16351;	BT_0142
Q8ABG9	PF14322;PF07980;	BT_0141
Q8ABH0	PF13715;PF07715;	BT_0140
Q8ABI2		BT_0128
Q8ABP6		BT_0064
Q8ABW3	PF02661;	BT_p548235
Q8ABW5	PF13310;	BT_p548233
Q8ABW9	PF13149;	BT_p548229
Q8ABX6		BT_p548222
Q8ABX8	PF14466;	BT_p548220
Q8ABY0		BT_p548218
Q8ABZ1	PF18976;	BT_p548207
Q8ABZ4	PF10263;	BT_p548204
G8JZS6	PF17142;PF16411;	susF BT_3699
Q8A7T2	PF00202;PF06968;PF04055;	bioB BT_1442
Q8A0U0	PF01227;	folE BT_3931
Q8AB59	PF02559;PF00270;PF00271;PF03461;PF17757;	mfd BT_0252
Q89YT4	PF04542;PF08281;	BT_4647
Q8A382	PF01207;	BT_3073
Q8A5W3	PF07479;PF01210;	BT_2123
Q8A8F7	PF01654;	BT_1210
Q8AAU8	PF02518;PF00512;PF12833;PF07494;PF00072;PF07495;	BT_0366
Q89YY0	PF09820;PF08011;	BT_4600
Q89Z76	PF00849;	BT_4501
Q89ZC2	PF02754;	BT_4455
Q89ZZ2	PF13749;PF08279;PF04326;	BT_4229
Q8A019		BT_4202
Q8A046	PF18370;PF21348;	BT_4175
Q8A0L6	PF17415;PF12667;	BT_4005
Q8A0R2	PF14322;PF07980;	BT_3959
Q8A0V8	PF16437;	BT_3913
Q8A0X2	PF03965;	BT_3899
Q8A111	PF16342;PF13385;	BT_3860
Q8A112	PF14323;PF16216;PF20957;PF20958;	BT_3859
Q8A116	PF14322;PF07980;	BT_3855
Q8A174	PF03663;	BT_3792
Q8A175	PF13385;	BT_3791
Q8A177	PF14322;PF07980;	BT_3789
Q8A179	PF01833;	BT_3787
Q8A199	PF00465;	BT_3767
Q8A1C6	PF09603;	BT_3740
Q8A1P5	PF00248;	BT_3614
Q8A1R8	PF16147;	BT_3591
Q8A1Y8	PF14322;PF07980;	BT_3520
Q8A239	PF04616;	BT_3467
Q8A268		BT_3438
Q8A273		BT_3433
Q8A2H6	PF16378;	BT_3329
Q8A2Z0	PF00588;	BT_3165
Q8A3G5		BT_2989
Q8A3Z8	PF14322;PF07980;	BT_2806
Q8A4H2	PF01436;PF01833;	BT_2627
Q8A4H4	PF14322;PF07980;	BT_2625
Q8A4M1	PF00753;	BT_2578
Q8A582	PF01381;	BT_2360
Q8A598		BT_2341
Q8A5L6	PF13181;	BT_2223
Q8A5L9	PF01640;	BT_2219
Q8A5R7	PF04773;PF16344;	BT_2171
Q8A5Z1	PF16819;	BT_2095
Q8A6B0	PF01966;PF01743;PF12627;	BT_1975
Q8A6T4		BT_1792
Q8A6V6		BT_1770
Q8A6W4	PF14322;PF07980;	BT_1762
Q8A6Y5	PF13505;	BT_1740
Q8A794	PF13715;PF07715;	BT_1631
Q8A7L4	PF12784;	BT_1510
Q8A7M2		BT_1502
Q8A7P7		BT_1477
Q8A7S4	PF01039;	BT_1450
Q8A894	PF13715;PF07715;PF07660;	BT_1280
Q8A8P3	PF17293;PF13102;	BT_1124
Q8A909	PF00326;	BT_1008
Q8A995	PF11396;	BT_0922
Q8A9B9	PF01734;	BT_0896
Q8A9P6	PF09365;	BT_0769
Q8AA29	PF05569;	BT_0636
Q8AAA0	PF00011;	BT_0565
Q8AAC0	PF00543;	BT_0545
